as_of_session,decision_session,simulation_decision_at,execution_at,computed_at_utc,model,fit_id,forecast_available,forecast_status,mu5_raw,mu5,q90_raw,q90,p10_logit,p10,mu_projected,q_projected,outside_feature_count,outside_feature_ids,max_outside_distance_training_sd,R5,L5,Y10,score_observed,score_status,label_end_session,label_matures_at,label_available_at,quarter,covered,loss_minus_q90
2021-12-31,2022-01-03,2022-01-03T20:00:00+00:00,2022-01-03T21:00:00+00:00,2026-09-07T01:33:37.588192+00:00,M2,2022-01-03_M2,True,FORECAST_AVAILABLE,0.023356261953998418,0.023356261953998418,0.062307294367475265,0.062307294367475265,-4.299858743967028,0.013388783624384289,False,False,0.0,,0.0,-0.019977625157371,0.0409141982703699,0.0,True,DEVELOPMENT_LABEL_COMPLETE,2022-01-10,2022-01-10T21:00:00+00:00,2022-01-11T20:00:00+00:00,2022Q1,True,-0.021393096097105366
2022-01-03,2022-01-04,2022-01-04T20:00:00+00:00,2022-01-04T21:00:00+00:00,2026-09-07T01:33:37.590716+00:00,M2,2022-01-03_M2,True,FORECAST_AVAILABLE,0.008570566164292354,0.008570566164292354,0.06364605680358305,0.06364605680358305,-4.840877191138628,0.007838198378696534,False,False,0.0,,0.0,-0.0020770261670921,0.0412206714293802,0.0,True,DEVELOPMENT_LABEL_COMPLETE,2022-01-11,2022-01-11T21:00:00+00:00,2022-01-12T20:00:00+00:00,2022Q1,True,-0.022425385374202855
2022-01-04,2022-01-05,2022-01-05T20:00:00+00:00,2022-01-05T21:00:00+00:00,2026-09-07T01:33:37.593273+00:00,M2,2022-01-03_M2,True,FORECAST_AVAILABLE,0.010688932884942956,0.010688932884942956,0.06454209817409394,0.06454209817409394,-4.60801501814121,0.009873141168937206,False,False,0.0,,0.0,0.0432036965924951,0.0028248917045612,0.0,True,DEVELOPMENT_LABEL_COMPLETE,2022-01-12,2022-01-12T21:00:00+00:00,2022-01-13T20:00:00+00:00,2022Q1,True,-0.06171720646953274
2022-01-05,2022-01-06,2022-01-06T20:00:00+00:00,2022-01-06T21:00:00+00:00,2026-09-07T01:33:37.595526+00:00,M2,2022-01-03_M2,True,FORECAST_AVAILABLE,0.03469354123537614,0.03469354123537614,0.06282397937442974,0.06282397937442974,-4.015000705269717,0.01772316381198002,False,False,0.0,,0.0,0.0149975262631518,0.0,0.0,True,DEVELOPMENT_LABEL_COMPLETE,2022-01-13,2022-01-13T21:00:00+00:00,2022-01-14T20:00:00+00:00,2022Q1,True,-0.06282397937442974
2022-01-06,2022-01-07,2022-01-07T20:00:00+00:00,2022-01-07T21:00:00+00:00,2026-09-07T01:33:37.597741+00:00,M2,2022-01-03_M2,True,FORECAST_AVAILABLE,0.03519281827592981,0.03519281827592981,0.059951650371959334,0.059951650371959334,-4.350181112968015,0.012740071267289143,False,False,0.0,,0.0,0.0064081397590736,0.0,0.0,True,DEVELOPMENT_LABEL_COMPLETE,2022-01-14,2022-01-14T21:00:00+00:00,2022-01-18T20:00:00+00:00,2022Q1,True,-0.059951650371959334
2022-01-07,2022-01-10,2022-01-10T20:00:00+00:00,2022-01-10T21:00:00+00:00,2026-09-07T01:33:37.600031+00:00,M2,2022-01-03_M2,True,FORECAST_AVAILABLE,0.03752303480272974,0.03752303480272974,0.058179180566843035,0.058179180566843035,-4.765572757586343,0.008446064445918324,False,False,0.0,,0.0,-0.0376712554596766,0.0376712554596766,0.0,True,DEVELOPMENT_LABEL_COMPLETE,2022-01-18,2022-01-18T21:00:00+00:00,2022-01-19T20:00:00+00:00,2022Q1,True,-0.020507925107166432
2022-01-10,2022-01-11,2022-01-11T20:00:00+00:00,2022-01-11T21:00:00+00:00,2026-09-07T01:33:37.602178+00:00,M2,2022-01-03_M2,True,FORECAST_AVAILABLE,0.03739192584325185,0.03739192584325185,0.059437449304366785,0.059437449304366785,-4.629092716630577,0.00966920704915493,False,False,0.0,,0.0,-0.068523836728023,0.068523836728023,0.0,True,DEVELOPMENT_LABEL_COMPLETE,2022-01-19,2022-01-19T21:00:00+00:00,2022-01-20T20:00:00+00:00,2022Q1,False,0.009086387423656209
2022-01-11,2022-01-12,2022-01-12T20:00:00+00:00,2022-01-12T21:00:00+00:00,2026-09-07T01:33:37.604393+00:00,M2,2022-01-03_M2,True,FORECAST_AVAILABLE,0.03553998858855441,0.03553998858855441,0.06001313688310002,0.06001313688310002,-4.789079640462715,0.00825145830112509,False,False,0.0,,0.0,-0.0925453595343128,0.0925453595343128,0.0,True,DEVELOPMENT_LABEL_COMPLETE,2022-01-20,2022-01-20T21:00:00+00:00,2022-01-21T20:00:00+00:00,2022Q1,False,0.03253222265121278
2022-01-12,2022-01-13,2022-01-13T20:00:00+00:00,2022-01-13T21:00:00+00:00,2026-09-07T01:33:37.606734+00:00,M2,2022-01-03_M2,True,FORECAST_AVAILABLE,0.021662965311768156,0.021662965311768156,0.06211697516654177,0.06211697516654177,-4.627812926771089,0.009681469643523502,False,False,0.0,,0.0,-0.1083565669127397,0.1083565669127397,1.0,True,DEVELOPMENT_LABEL_COMPLETE,2022-01-21,2022-01-21T21:00:00+00:00,2022-01-24T20:00:00+00:00,2022Q1,False,0.04623959174619793
2022-01-13,2022-01-14,2022-01-14T20:00:00+00:00,2022-01-14T21:00:00+00:00,2026-09-07T01:33:37.608914+00:00,M2,2022-01-03_M2,True,FORECAST_AVAILABLE,0.037701204035757274,0.037701204035757274,0.06091594460951477,0.06091594460951477,-4.502930354537515,0.010955146311315308,False,False,0.0,,0.0,-0.1266938501474807,0.1266938501474806,1.0,True,DEVELOPMENT_LABEL_COMPLETE,2022-01-24,2022-01-24T21:00:00+00:00,2022-01-25T20:00:00+00:00,2022Q1,False,0.06577790553796584
2022-01-14,2022-01-18,2022-01-18T20:00:00+00:00,2022-01-18T21:00:00+00:00,2026-09-07T01:33:37.611119+00:00,M2,2022-01-03_M2,True,FORECAST_AVAILABLE,0.031006886436561187,0.031006886436561187,0.059119963124337024,0.059119963124337024,-4.660752296806359,0.00937070279390704,False,False,0.0,,0.0,-0.0942212797278601,0.09422127972786,0.0,True,DEVELOPMENT_LABEL_COMPLETE,2022-01-25,2022-01-25T21:00:00+00:00,2022-01-26T20:00:00+00:00,2022Q1,False,0.035101316603522975
2022-01-18,2022-01-19,2022-01-19T20:00:00+00:00,2022-01-19T21:00:00+00:00,2026-09-07T01:33:37.613438+00:00,M2,2022-01-03_M2,True,FORECAST_AVAILABLE,0.02486186780036404,0.02486186780036404,0.060717260465145834,0.060717260465145834,-4.229982692562524,0.014343900756635032,False,False,0.0,,0.0,-0.0907528145686027,0.0907528145686027,0.0,True,DEVELOPMENT_LABEL_COMPLETE,2022-01-26,2022-01-26T21:00:00+00:00,2022-01-27T20:00:00+00:00,2022Q1,False,0.03003555410345686
2022-01-19,2022-01-20,2022-01-20T20:00:00+00:00,2022-01-20T21:00:00+00:00,2026-09-07T01:33:37.615676+00:00,M2,2022-01-03_M2,True,FORECAST_AVAILABLE,0.036084020346424606,0.036084020346424606,0.06224854924036593,0.06224854924036593,-3.8738000767879965,0.020356268313357812,False,False,0.0,,0.0,-0.0740740939140011,0.0740740939140011,0.0,True,DEVELOPMENT_LABEL_COMPLETE,2022-01-27,2022-01-27T21:00:00+00:00,2022-01-28T20:00:00+00:00,2022Q1,False,0.011825544673635176
2022-01-20,2022-01-21,2022-01-21T20:00:00+00:00,2022-01-21T21:00:00+00:00,2026-09-07T01:33:37.617945+00:00,M2,2022-01-03_M2,True,FORECAST_AVAILABLE,0.037301191048901394,0.037301191048901394,0.06805057397891578,0.06805057397891578,-3.7689824191297614,0.02255506248587192,False,False,0.0,,0.0,0.0018412533896616,0.0287240164581952,0.0,True,DEVELOPMENT_LABEL_COMPLETE,2022-01-28,2022-01-28T21:00:00+00:00,2022-01-31T20:00:00+00:00,2022Q1,True,-0.03932655752072059
2022-01-21,2022-01-24,2022-01-24T20:00:00+00:00,2022-01-24T21:00:00+00:00,2026-09-07T01:33:37.620155+00:00,M2,2022-01-03_M2,True,FORECAST_AVAILABLE,0.037832775179741665,0.037832775179741665,0.07724571405171934,0.07724571405171934,-3.712915428487416,0.023824790582036168,False,False,0.0,,0.0,0.0510375669577765,0.013834392507875,0.0,True,DEVELOPMENT_LABEL_COMPLETE,2022-01-31,2022-01-31T21:00:00+00:00,2022-02-01T20:00:00+00:00,2022Q1,True,-0.06341132154384435
2022-01-24,2022-01-25,2022-01-25T20:00:00+00:00,2022-01-25T21:00:00+00:00,2026-09-07T01:33:37.622254+00:00,M2,2022-01-03_M2,True,FORECAST_AVAILABLE,0.04095565819244411,0.04095565819244411,0.08184043023490951,0.08184043023490951,-3.459288936377505,0.03049304757960818,False,False,0.0,,0.0,0.0907389785761041,0.0130963658175439,0.0,True,DEVELOPMENT_LABEL_COMPLETE,2022-02-01,2022-02-01T21:00:00+00:00,2022-02-02T20:00:00+00:00,2022Q1,True,-0.06874406441736561
2022-01-25,2022-01-26,2022-01-26T20:00:00+00:00,2022-01-26T21:00:00+00:00,2026-09-07T01:33:37.624377+00:00,M2,2022-01-03_M2,True,FORECAST_AVAILABLE,0.03424921194844785,0.03424921194844785,0.08229976208021861,0.08229976208021861,-3.4148828074865003,0.0318335639433321,False,False,0.0,,0.0,0.1147447924336024,0.0028355675151641,0.0,True,DEVELOPMENT_LABEL_COMPLETE,2022-02-02,2022-02-02T21:00:00+00:00,2022-02-03T20:00:00+00:00,2022Q1,True,-0.0794641945650545
2022-01-26,2022-01-27,2022-01-27T20:00:00+00:00,2022-01-27T21:00:00+00:00,2026-09-07T01:33:37.626776+00:00,M2,2022-01-03_M2,True,FORECAST_AVAILABLE,0.03089647176704949,0.03089647176704949,0.08598211715489157,0.08598211715489157,-3.1309014363601824,0.04185044544208041,False,False,1.0,D03,0.16019740884661796,0.0496682261968679,0.0,0.0,True,DEVELOPMENT_LABEL_COMPLETE,2022-02-03,2022-02-03T21:00:00+00:00,2022-02-04T20:00:00+00:00,2022Q1,True,-0.08598211715489157
2022-01-27,2022-01-28,2022-01-28T20:00:00+00:00,2022-01-28T21:00:00+00:00,2026-09-07T01:33:37.629082+00:00,M2,2022-01-03_M2,True,FORECAST_AVAILABLE,0.033709259254636956,0.033709259254636956,0.07719162888022749,0.07719162888022749,-3.8894911819979314,0.020045701748594595,False,False,1.0,D03,0.16561419431218657,0.032714552183215,0.0,0.0,True,DEVELOPMENT_LABEL_COMPLETE,2022-02-04,2022-02-04T21:00:00+00:00,2022-02-07T20:00:00+00:00,2022Q1,True,-0.07719162888022749
2022-01-28,2022-01-31,2022-01-31T20:00:00+00:00,2022-01-31T21:00:00+00:00,2026-09-07T01:33:37.631311+00:00,M2,2022-01-03_M2,True,FORECAST_AVAILABLE,0.03659071051245209,0.03659071051245209,0.0665801707727213,0.0665801707727213,-4.79055137892272,0.008239423230463951,False,False,0.0,,0.0,0.0147633937804287,0.0151192150544696,0.0,True,DEVELOPMENT_LABEL_COMPLETE,2022-02-07,2022-02-07T21:00:00+00:00,2022-02-08T20:00:00+00:00,2022Q1,True,-0.0514609557182517
2022-01-31,2022-02-01,2022-02-01T20:00:00+00:00,2022-02-01T21:00:00+00:00,2026-09-07T01:33:37.743507+00:00,M2,2022-02-01_M2,True,FORECAST_AVAILABLE,0.030470352074295208,0.030470352074295208,0.049281599418360064,0.049281599418360064,-5.8821485371288755,0.0027810313171066628,False,False,0.0,,0.0,0.0017153051479765,0.0502572957721966,0.0,True,DEVELOPMENT_LABEL_COMPLETE,2022-02-08,2022-02-08T21:00:00+00:00,2022-02-09T20:00:00+00:00,2022Q1,False,0.0009756963538365346
2022-02-01,2022-02-02,2022-02-02T20:00:00+00:00,2022-02-02T21:00:00+00:00,2026-09-07T01:33:37.746234+00:00,M2,2022-02-01_M2,True,FORECAST_AVAILABLE,0.021595223780151874,0.021595223780151874,0.037044767315501534,0.037044767315501534,-6.230263018755466,0.0019650648789914303,False,False,0.0,,0.0,0.0083092734208305,0.0610480280531939,0.0,True,DEVELOPMENT_LABEL_COMPLETE,2022-02-09,2022-02-09T21:00:00+00:00,2022-02-10T20:00:00+00:00,2022Q1,False,0.024003260737692364
2022-02-02,2022-02-03,2022-02-03T20:00:00+00:00,2022-02-03T21:00:00+00:00,2026-09-07T01:33:37.748855+00:00,M2,2022-02-01_M2,True,FORECAST_AVAILABLE,0.016472818025922674,0.016472818025922674,0.04142422494987706,0.04142422494987706,-5.466918609661388,0.004206459574458154,False,False,0.0,,0.0,0.0214918270608994,0.0,0.0,True,DEVELOPMENT_LABEL_COMPLETE,2022-02-10,2022-02-10T21:00:00+00:00,2022-02-11T20:00:00+00:00,2022Q1,True,-0.04142422494987706
2022-02-03,2022-02-04,2022-02-04T20:00:00+00:00,2022-02-04T21:00:00+00:00,2026-09-07T01:33:37.751457+00:00,M2,2022-02-01_M2,True,FORECAST_AVAILABLE,0.01814689861827082,0.01814689861827082,0.05895225394188767,0.05895225394188767,-4.5569457346924995,0.01038508002419296,False,False,0.0,,0.0,-0.0596191236162216,0.0596191236162217,0.0,True,DEVELOPMENT_LABEL_COMPLETE,2022-02-11,2022-02-11T21:00:00+00:00,2022-02-14T20:00:00+00:00,2022Q1,False,0.0006668696743340335
2022-02-04,2022-02-07,2022-02-07T20:00:00+00:00,2022-02-07T21:00:00+00:00,2026-09-07T01:33:37.753734+00:00,M2,2022-02-01_M2,True,FORECAST_AVAILABLE,0.02225174885779534,0.02225174885779534,0.05735523722370042,0.05735523722370042,-4.315700403331766,0.013181127947352022,False,False,0.0,,0.0,-0.0739701570979949,0.0739701570979949,0.0,True,DEVELOPMENT_LABEL_COMPLETE,2022-02-14,2022-02-14T21:00:00+00:00,2022-02-15T20:00:00+00:00,2022Q1,False,0.016614919874294476
2022-02-07,2022-02-08,2022-02-08T20:00:00+00:00,2022-02-08T21:00:00+00:00,2026-09-07T01:33:37.755926+00:00,M2,2022-02-01_M2,True,FORECAST_AVAILABLE,0.025500479888871535,0.025500479888871535,0.05969418236772807,0.05969418236772807,-4.493856458772159,0.011053900710559249,False,False,0.0,,0.0,-0.0582192026891003,0.0953767046111459,0.0,True,DEVELOPMENT_LABEL_COMPLETE,2022-02-15,2022-02-15T21:00:00+00:00,2022-02-16T20:00:00+00:00,2022Q1,False,0.035682522243417836
2022-02-08,2022-02-09,2022-02-09T20:00:00+00:00,2022-02-09T21:00:00+00:00,2026-09-07T01:33:37.758272+00:00,M2,2022-02-01_M2,True,FORECAST_AVAILABLE,0.022787656582573135,0.022787656582573135,0.05783587289059605,0.05783587289059605,-4.29099215588628,0.013506413787553736,False,False,0.0,,0.0,-0.0570131086755044,0.1115034873108386,1.0,True,DEVELOPMENT_LABEL_COMPLETE,2022-02-16,2022-02-16T21:00:00+00:00,2022-02-17T20:00:00+00:00,2022Q1,False,0.05366761442024255
2022-02-09,2022-02-10,2022-02-10T20:00:00+00:00,2022-02-10T21:00:00+00:00,2026-09-07T01:33:37.760419+00:00,M2,2022-02-01_M2,True,FORECAST_AVAILABLE,0.014980094349463149,0.014980094349463149,0.0558690066124123,0.0558690066124123,-4.165036921140146,0.015291674951270534,False,False,0.0,,0.0,-0.0671853422824041,0.0671853422824041,0.0,True,DEVELOPMENT_LABEL_COMPLETE,2022-02-17,2022-02-17T21:00:00+00:00,2022-02-18T20:00:00+00:00,2022Q1,False,0.011316335669991795
2022-02-10,2022-02-11,2022-02-11T20:00:00+00:00,2022-02-11T21:00:00+00:00,2026-09-07T01:33:37.762642+00:00,M2,2022-02-01_M2,True,FORECAST_AVAILABLE,0.02802933677221374,0.02802933677221374,0.06729058464140666,0.06729058464140666,-4.145905271817261,0.015582443767374544,False,False,0.0,,0.0,-0.01362606394065,0.01362606394065,0.0,True,DEVELOPMENT_LABEL_COMPLETE,2022-02-18,2022-02-18T21:00:00+00:00,2022-02-22T20:00:00+00:00,2022Q1,True,-0.05366452070075667
2022-02-11,2022-02-14,2022-02-14T20:00:00+00:00,2022-02-14T21:00:00+00:00,2026-09-07T01:33:37.764942+00:00,M2,2022-02-01_M2,True,FORECAST_AVAILABLE,0.02844432566421197,0.02844432566421197,0.08227046022767587,0.08227046022767587,-3.825066650319105,0.021351163438760153,False,False,0.0,,0.0,-0.0111678995294123,0.0134393881234461,0.0,True,DEVELOPMENT_LABEL_COMPLETE,2022-02-22,2022-02-22T21:00:00+00:00,2022-02-23T20:00:00+00:00,2022Q1,True,-0.06883107210422977
2022-02-14,2022-02-15,2022-02-15T20:00:00+00:00,2022-02-15T21:00:00+00:00,2026-09-07T01:33:37.767278+00:00,M2,2022-02-01_M2,True,FORECAST_AVAILABLE,0.016198261978710812,0.016198261978710812,0.09608198857423852,0.09608198857423852,-3.3131162730950114,0.03512395475919617,False,False,0.0,,0.0,-0.076727294921875,0.076727294921875,0.0,True,DEVELOPMENT_LABEL_COMPLETE,2022-02-23,2022-02-23T21:00:00+00:00,2022-02-24T20:00:00+00:00,2022Q1,True,-0.01935469365236353
2022-02-15,2022-02-16,2022-02-16T20:00:00+00:00,2022-02-16T21:00:00+00:00,2026-09-07T01:33:37.769532+00:00,M2,2022-02-01_M2,True,FORECAST_AVAILABLE,0.013260573780082184,0.013260573780082184,0.07930688255577274,0.07930688255577274,-3.178102507153791,0.039998130852508605,False,False,0.0,,0.0,-0.0809702325706703,0.0943463696151163,0.0,True,DEVELOPMENT_LABEL_COMPLETE,2022-02-24,2022-02-24T21:00:00+00:00,2022-02-25T20:00:00+00:00,2022Q1,False,0.015039487059343562
2022-02-16,2022-02-17,2022-02-17T20:00:00+00:00,2022-02-17T21:00:00+00:00,2026-09-07T01:33:37.771942+00:00,M2,2022-02-01_M2,True,FORECAST_AVAILABLE,0.02632810686433072,0.02632810686433072,0.07307708737356913,0.07307708737356913,-3.221687047006218,0.03835770793293983,False,False,0.0,,0.0,-0.0034116091016827,0.037528423146826,0.0,True,DEVELOPMENT_LABEL_COMPLETE,2022-02-25,2022-02-25T21:00:00+00:00,2022-02-28T20:00:00+00:00,2022Q1,True,-0.03554866422674313
2022-02-17,2022-02-18,2022-02-18T20:00:00+00:00,2022-02-18T21:00:00+00:00,2026-09-07T01:33:37.774083+00:00,M2,2022-02-01_M2,True,FORECAST_AVAILABLE,0.022047725504212936,0.022047725504212936,0.0922800409547134,0.0922800409547134,-3.092675860437736,0.04341038152826367,False,False,0.0,,0.0,-0.0140061311818204,0.0257099036847473,0.0,True,DEVELOPMENT_LABEL_COMPLETE,2022-02-28,2022-02-28T21:00:00+00:00,2022-03-01T20:00:00+00:00,2022Q1,True,-0.0665701372699661
2022-02-18,2022-02-22,2022-02-22T20:00:00+00:00,2022-02-22T21:00:00+00:00,2026-09-07T01:33:37.776235+00:00,M2,2022-02-01_M2,True,FORECAST_AVAILABLE,0.021188221264811746,0.021188221264811746,0.08974324375578098,0.08974324375578098,-3.673664572256132,0.024754919375197793,False,False,0.0,,0.0,-0.0708269648556418,0.0708269648556419,0.0,True,DEVELOPMENT_LABEL_COMPLETE,2022-03-01,2022-03-01T21:00:00+00:00,2022-03-02T20:00:00+00:00,2022Q1,True,-0.018916278900139083
2022-02-22,2022-02-23,2022-02-23T20:00:00+00:00,2022-02-23T21:00:00+00:00,2026-09-07T01:33:37.778440+00:00,M2,2022-02-01_M2,True,FORECAST_AVAILABLE,0.018388419723104742,0.018388419723104742,0.09297755707990568,0.09297755707990568,-3.8033598869675194,0.02180947641945836,False,False,0.0,,0.0,-0.0137848949403198,0.0441118140531105,0.0,True,DEVELOPMENT_LABEL_COMPLETE,2022-03-02,2022-03-02T21:00:00+00:00,2022-03-03T20:00:00+00:00,2022Q1,True,-0.04886574302679518
2022-02-23,2022-02-24,2022-02-24T20:00:00+00:00,2022-02-24T21:00:00+00:00,2026-09-07T01:33:37.780692+00:00,M2,2022-02-01_M2,True,FORECAST_AVAILABLE,0.015062949531265208,0.015062949531265208,0.10230471469145723,0.10230471469145723,-3.267943750328538,0.03668742995280674,False,False,0.0,,0.0,-0.0308558158403587,0.0580244116941609,0.0,True,DEVELOPMENT_LABEL_COMPLETE,2022-03-03,2022-03-03T21:00:00+00:00,2022-03-04T20:00:00+00:00,2022Q1,True,-0.04428030299729633
2022-02-24,2022-02-25,2022-02-25T20:00:00+00:00,2022-02-25T21:00:00+00:00,2026-09-07T01:33:37.782816+00:00,M2,2022-02-01_M2,True,FORECAST_AVAILABLE,0.01448720669716287,0.01448720669716287,0.09999754126079685,0.09999754126079685,-2.7297124928036287,0.06124269010529559,False,False,0.0,,0.0,-0.0718904994743002,0.0768353133289784,0.0,True,DEVELOPMENT_LABEL_COMPLETE,2022-03-04,2022-03-04T21:00:00+00:00,2022-03-07T20:00:00+00:00,2022Q1,True,-0.02316222793181845
2022-02-25,2022-02-28,2022-02-28T20:00:00+00:00,2022-02-28T21:00:00+00:00,2026-09-07T01:33:37.785018+00:00,M2,2022-02-01_M2,True,FORECAST_AVAILABLE,0.014042790965421494,0.014042790965421494,0.07957599971838152,0.07957599971838152,-3.669343712318534,0.024859448550173652,False,False,0.0,,0.0,-0.0842576000736364,0.0842576000736364,0.0,True,DEVELOPMENT_LABEL_COMPLETE,2022-03-07,2022-03-07T21:00:00+00:00,2022-03-08T20:00:00+00:00,2022Q1,False,0.004681600355254889
2022-02-28,2022-03-01,2022-03-01T20:00:00+00:00,2022-03-01T21:00:00+00:00,2026-09-07T01:33:37.895700+00:00,M2,2022-03-01_M2,True,FORECAST_AVAILABLE,0.015392953274980373,0.015392953274980373,0.09235235124454785,0.09235235124454785,-2.9237631656376504,0.05099128889605458,False,False,0.0,,0.0,-0.031520448395886,0.031520448395886,0.0,True,DEVELOPMENT_LABEL_COMPLETE,2022-03-08,2022-03-08T21:00:00+00:00,2022-03-09T20:00:00+00:00,2022Q1,True,-0.060831902848661856
2022-03-01,2022-03-02,2022-03-02T20:00:00+00:00,2022-03-02T21:00:00+00:00,2026-09-07T01:33:37.898411+00:00,M2,2022-03-01_M2,True,FORECAST_AVAILABLE,0.011977242597819088,0.011977242597819088,0.10722257399435757,0.10722257399435757,-2.3966844355170824,0.08342587452503848,False,False,0.0,,0.0,-0.0431310619635392,0.0613019847698523,0.0,True,DEVELOPMENT_LABEL_COMPLETE,2022-03-09,2022-03-09T21:00:00+00:00,2022-03-10T20:00:00+00:00,2022Q1,True,-0.04592058922450527
2022-03-02,2022-03-03,2022-03-03T20:00:00+00:00,2022-03-03T21:00:00+00:00,2026-09-07T01:33:37.900695+00:00,M2,2022-03-01_M2,True,FORECAST_AVAILABLE,0.008389541995272816,0.008389541995272816,0.09101571942111666,0.09101571942111666,-2.3254868549601917,0.08903403250172165,False,False,0.0,,0.0,-0.0190227668074887,0.0586704122095981,0.0,True,DEVELOPMENT_LABEL_COMPLETE,2022-03-10,2022-03-10T21:00:00+00:00,2022-03-11T20:00:00+00:00,2022Q1,True,-0.03234530721151856
2022-03-03,2022-03-04,2022-03-04T20:00:00+00:00,2022-03-04T21:00:00+00:00,2026-09-07T01:33:37.903042+00:00,M2,2022-03-01_M2,True,FORECAST_AVAILABLE,0.008299523391657803,0.008299523391657803,0.08856897051209525,0.08856897051209525,-2.6596162814948556,0.06539878307363062,False,False,0.0,,0.0,-0.0065573708980963,0.0366803472031194,0.0,True,DEVELOPMENT_LABEL_COMPLETE,2022-03-11,2022-03-11T21:00:00+00:00,2022-03-14T19:00:00+00:00,2022Q1,True,-0.051888623308975854
2022-03-04,2022-03-07,2022-03-07T20:00:00+00:00,2022-03-07T21:00:00+00:00,2026-09-07T01:33:37.905398+00:00,M2,2022-03-01_M2,True,FORECAST_AVAILABLE,0.013967990865775187,0.013967990865775187,0.102412836158261,0.102412836158261,-2.6092750580885675,0.06854387360925082,False,False,0.0,,0.0,0.0131746475518941,0.0010625382553897,0.0,True,DEVELOPMENT_LABEL_COMPLETE,2022-03-14,2022-03-14T20:00:00+00:00,2022-03-15T19:00:00+00:00,2022Q1,True,-0.1013502979028713
2022-03-07,2022-03-08,2022-03-08T20:00:00+00:00,2022-03-08T21:00:00+00:00,2026-09-07T01:33:37.907707+00:00,M2,2022-03-01_M2,True,FORECAST_AVAILABLE,0.004031055843821028,0.004031055843821028,0.11302624199103958,0.11302624199103958,-3.0855034298543638,0.043709200617913335,False,False,0.0,,0.0,0.0316954207969901,0.0,0.0,True,DEVELOPMENT_LABEL_COMPLETE,2022-03-15,2022-03-15T20:00:00+00:00,2022-03-16T19:00:00+00:00,2022Q1,True,-0.11302624199103958
2022-03-08,2022-03-09,2022-03-09T20:00:00+00:00,2022-03-09T21:00:00+00:00,2026-09-07T01:33:37.910029+00:00,M2,2022-03-01_M2,True,FORECAST_AVAILABLE,0.00907917060423203,0.00907917060423203,0.10312305663146171,0.10312305663146171,-3.8768494360311134,0.020295547182911978,False,False,0.0,,0.0,0.0626043429597655,0.0050083028576797,0.0,True,DEVELOPMENT_LABEL_COMPLETE,2022-03-16,2022-03-16T20:00:00+00:00,2022-03-17T19:00:00+00:00,2022Q1,True,-0.09811475377378201
2022-03-09,2022-03-10,2022-03-10T20:00:00+00:00,2022-03-10T21:00:00+00:00,2026-09-07T01:33:37.912399+00:00,M2,2022-03-01_M2,True,FORECAST_AVAILABLE,0.00128440562126128,0.00128440562126128,0.09483277011777481,0.09483277011777481,-3.427693473667711,0.03144109600456974,False,False,0.0,,0.0,0.0479689404696228,0.0267401781671466,0.0,True,DEVELOPMENT_LABEL_COMPLETE,2022-03-17,2022-03-17T20:00:00+00:00,2022-03-18T19:00:00+00:00,2022Q1,True,-0.06809259195062822
2022-03-10,2022-03-11,2022-03-11T20:00:00+00:00,2022-03-11T21:00:00+00:00,2026-09-07T01:33:37.914686+00:00,M2,2022-03-01_M2,True,FORECAST_AVAILABLE,-0.003470691907039125,-0.003470691907039125,0.08830234293009279,0.08830234293009279,-3.7680963390891082,0.022574605566817927,False,False,0.0,,0.0,0.088490118730093,0.0165016345836302,0.0,True,DEVELOPMENT_LABEL_COMPLETE,2022-03-18,2022-03-18T20:00:00+00:00,2022-03-21T19:00:00+00:00,2022Q1,True,-0.07180070834646259
2022-03-11,2022-03-14,2022-03-14T19:00:00+00:00,2022-03-14T20:00:00+00:00,2026-09-07T01:33:37.917011+00:00,M2,2022-03-01_M2,True,FORECAST_AVAILABLE,-0.00393687895735424,-0.00393687895735424,0.08661615565077857,0.08661615565077857,-4.222866360225133,0.014444861055755372,False,False,0.0,,0.0,0.1078019999318347,0.0,0.0,True,DEVELOPMENT_LABEL_COMPLETE,2022-03-21,2022-03-21T20:00:00+00:00,2022-03-22T19:00:00+00:00,2022Q1,True,-0.08661615565077857
2022-03-14,2022-03-15,2022-03-15T19:00:00+00:00,2022-03-15T20:00:00+00:00,2026-09-07T01:33:37.919346+00:00,M2,2022-03-01_M2,True,FORECAST_AVAILABLE,-0.01393524442568823,-0.01393524442568823,0.08873071164900484,0.08873071164900484,-3.9448905570872803,0.018985893985039637,False,False,0.0,,0.0,0.0973196127980022,0.0,0.0,True,DEVELOPMENT_LABEL_COMPLETE,2022-03-22,2022-03-22T20:00:00+00:00,2022-03-23T19:00:00+00:00,2022Q1,True,-0.08873071164900484
2022-03-15,2022-03-16,2022-03-16T19:00:00+00:00,2022-03-16T20:00:00+00:00,2026-09-07T01:33:37.921493+00:00,M2,2022-03-01_M2,True,FORECAST_AVAILABLE,-0.010727167581806148,-0.010727167581806148,0.0861097568680531,0.0861097568680531,-3.399933800270607,0.03229753366741084,False,False,1.0,A05,0.10862959208767861,0.0469364353945183,0.0,0.0,True,DEVELOPMENT_LABEL_COMPLETE,2022-03-23,2022-03-23T20:00:00+00:00,2022-03-24T19:00:00+00:00,2022Q1,True,-0.0861097568680531
2022-03-16,2022-03-17,2022-03-17T19:00:00+00:00,2022-03-17T20:00:00+00:00,2026-09-07T01:33:37.923651+00:00,M2,2022-03-01_M2,True,FORECAST_AVAILABLE,0.00023604967690986616,0.00023604967690986616,0.06871760697519376,0.06871760697519376,-3.494088219118439,0.029480907663566244,False,False,0.0,,0.0,0.0512271340143863,0.0,0.0,True,DEVELOPMENT_LABEL_COMPLETE,2022-03-24,2022-03-24T20:00:00+00:00,2022-03-25T19:00:00+00:00,2022Q1,True,-0.06871760697519376
2022-03-17,2022-03-18,2022-03-18T19:00:00+00:00,2022-03-18T20:00:00+00:00,2026-09-07T01:33:37.926028+00:00,M2,2022-03-01_M2,True,FORECAST_AVAILABLE,-0.0033177877154785523,-0.0033177877154785523,0.06751861860970881,0.06751861860970881,-3.0979444949400765,0.043192122182204765,False,False,0.0,,0.0,0.0371422980380951,0.0,0.0,True,DEVELOPMENT_LABEL_COMPLETE,2022-03-25,2022-03-25T20:00:00+00:00,2022-03-28T19:00:00+00:00,2022Q1,True,-0.06751861860970881
2022-03-18,2022-03-21,2022-03-21T19:00:00+00:00,2022-03-21T20:00:00+00:00,2026-09-07T01:33:37.928230+00:00,M2,2022-03-01_M2,True,FORECAST_AVAILABLE,-0.012202041728571363,-0.012202041728571363,0.059698975681487035,0.059698975681487035,-3.0208356915740264,0.046493412779681116,False,False,0.0,,0.0,0.0437334605573158,0.0,0.0,True,DEVELOPMENT_LABEL_COMPLETE,2022-03-28,2022-03-28T20:00:00+00:00,2022-03-29T19:00:00+00:00,2022Q1,True,-0.059698975681487035
2022-03-21,2022-03-22,2022-03-22T19:00:00+00:00,2022-03-22T20:00:00+00:00,2026-09-07T01:33:37.930434+00:00,M2,2022-03-01_M2,True,FORECAST_AVAILABLE,-0.013698796532074481,-0.013698796532074481,0.06326648773517424,0.06326648773517424,-2.7834508307310637,0.05822504090909602,False,False,0.0,,0.0,0.0603156522143024,0.0,0.0,True,DEVELOPMENT_LABEL_COMPLETE,2022-03-29,2022-03-29T20:00:00+00:00,2022-03-30T19:00:00+00:00,2022Q1,True,-0.06326648773517424
2022-03-22,2022-03-23,2022-03-23T19:00:00+00:00,2022-03-23T20:00:00+00:00,2026-09-07T01:33:37.932700+00:00,M2,2022-03-01_M2,True,FORECAST_AVAILABLE,-0.010794672138488896,-0.010794672138488896,0.06467251216831708,0.06467251216831708,-2.5192015607984652,0.07452299426882902,False,False,0.0,,0.0,0.0508347217156595,0.0,0.0,True,DEVELOPMENT_LABEL_COMPLETE,2022-03-30,2022-03-30T20:00:00+00:00,2022-03-31T19:00:00+00:00,2022Q1,True,-0.06467251216831708
2022-03-23,2022-03-24,2022-03-24T19:00:00+00:00,2022-03-24T20:00:00+00:00,2026-09-07T01:33:37.934955+00:00,M2,2022-03-01_M2,True,FORECAST_AVAILABLE,0.00547457048867556,0.00547457048867556,0.06765421997547841,0.06765421997547841,-2.426072982797632,0.08120598669494489,False,False,0.0,,0.0,0.0109320018388583,0.0,0.0,True,DEVELOPMENT_LABEL_COMPLETE,2022-03-31,2022-03-31T20:00:00+00:00,2022-04-01T19:00:00+00:00,2022Q1,True,-0.06765421997547841
2022-03-24,2022-03-25,2022-03-25T19:00:00+00:00,2022-03-25T20:00:00+00:00,2026-09-07T01:33:37.937166+00:00,M2,2022-03-01_M2,True,FORECAST_AVAILABLE,-0.009058695543110333,-0.009058695543110333,0.06525990873288506,0.06525990873288506,-1.9948008030796818,0.1197498860165347,False,False,0.0,,0.0,0.0168098299166366,0.0031061240702937,0.0,True,DEVELOPMENT_LABEL_COMPLETE,2022-04-01,2022-04-01T20:00:00+00:00,2022-04-04T19:00:00+00:00,2022Q1,True,-0.06215378466259136
2022-03-25,2022-03-28,2022-03-28T19:00:00+00:00,2022-03-28T20:00:00+00:00,2026-09-07T01:33:37.939494+00:00,M2,2022-03-01_M2,True,FORECAST_AVAILABLE,-0.006918247279343225,-0.006918247279343225,0.06458933497620137,0.06458933497620137,-1.9592138936118257,0.12355214749111562,False,False,0.0,,0.0,0.0351895263762473,0.0103391925227783,0.0,True,DEVELOPMENT_LABEL_COMPLETE,2022-04-04,2022-04-04T20:00:00+00:00,2022-04-05T19:00:00+00:00,2022Q1,True,-0.054250142453423064
2022-03-28,2022-03-29,2022-03-29T19:00:00+00:00,2022-03-29T20:00:00+00:00,2026-09-07T01:33:37.941709+00:00,M2,2022-03-01_M2,True,FORECAST_AVAILABLE,-0.005210481354175894,-0.005210481354175894,0.06111894344497676,0.06111894344497676,-2.4365205397818746,0.0804298808325786,False,False,0.0,,0.0,-0.0315434834249612,0.0331383824520952,0.0,True,DEVELOPMENT_LABEL_COMPLETE,2022-04-05,2022-04-05T20:00:00+00:00,2022-04-06T19:00:00+00:00,2022Q1,True,-0.027980560992881556
2022-03-29,2022-03-30,2022-03-30T19:00:00+00:00,2022-03-30T20:00:00+00:00,2026-09-07T01:33:37.943946+00:00,M2,2022-03-01_M2,True,FORECAST_AVAILABLE,-0.002779685584086888,-0.002779685584086888,0.05891712451805586,0.05891712451805586,-2.698929710919233,0.06303654091570939,False,False,0.0,,0.0,-0.0351660336416527,0.0351660336416527,0.0,True,DEVELOPMENT_LABEL_COMPLETE,2022-04-06,2022-04-06T20:00:00+00:00,2022-04-07T19:00:00+00:00,2022Q1,True,-0.02375109087640316
2022-03-30,2022-03-31,2022-03-31T19:00:00+00:00,2022-03-31T20:00:00+00:00,2026-09-07T01:33:37.946280+00:00,M2,2022-03-01_M2,True,FORECAST_AVAILABLE,-0.00014267843208703047,-0.00014267843208703047,0.06245021804657994,0.06245021804657994,-2.3836934459171775,0.08442463446253981,False,False,0.0,,0.0,0.0038489567299655,0.009347546249882,0.0,True,DEVELOPMENT_LABEL_COMPLETE,2022-04-07,2022-04-07T20:00:00+00:00,2022-04-08T19:00:00+00:00,2022Q1,True,-0.05310267179669794
2022-03-31,2022-04-01,2022-04-01T19:00:00+00:00,2022-04-01T20:00:00+00:00,2026-09-07T01:33:38.061262+00:00,M2,2022-04-01_M2,True,FORECAST_AVAILABLE,0.006053753127822003,0.006053753127822003,0.06587365649524704,0.06587365649524704,-2.70666699102875,0.06258109652823331,False,False,0.0,,0.0,-0.0147349446961453,0.0287511634312231,0.0,True,DEVELOPMENT_LABEL_COMPLETE,2022-04-08,2022-04-08T20:00:00+00:00,2022-04-11T19:00:00+00:00,2022Q2,True,-0.037122493064023945
2022-04-01,2022-04-04,2022-04-04T19:00:00+00:00,2022-04-04T20:00:00+00:00,2026-09-07T01:33:38.063829+00:00,M2,2022-04-01_M2,True,FORECAST_AVAILABLE,0.009183276185647331,0.009183276185647331,0.06258943432135967,0.06258943432135967,-3.2343576936146663,0.0378930575664587,False,False,0.0,,0.0,-0.0662344278869813,0.0662344278869812,0.0,True,DEVELOPMENT_LABEL_COMPLETE,2022-04-11,2022-04-11T20:00:00+00:00,2022-04-12T19:00:00+00:00,2022Q2,False,0.003644993565621521
2022-04-04,2022-04-05,2022-04-05T19:00:00+00:00,2022-04-05T20:00:00+00:00,2026-09-07T01:33:38.066146+00:00,M2,2022-04-01_M2,True,FORECAST_AVAILABLE,0.017227635106669213,0.017227635106669213,0.05998877274899528,0.05998877274899528,-3.7895643459107173,0.022105737759661882,False,False,0.0,,0.0,-0.0309241060241503,0.0309241060241503,0.0,True,DEVELOPMENT_LABEL_COMPLETE,2022-04-12,2022-04-12T20:00:00+00:00,2022-04-13T19:00:00+00:00,2022Q2,True,-0.02906466672484498
2022-04-05,2022-04-06,2022-04-06T19:00:00+00:00,2022-04-06T20:00:00+00:00,2026-09-07T01:33:38.068399+00:00,M2,2022-04-01_M2,True,FORECAST_AVAILABLE,0.011747039515628286,0.011747039515628286,0.0720784018674301,0.0720784018674301,-3.1414911371644187,0.041427863357917524,False,False,0.0,,0.0,0.0142460771254868,0.0201665155961836,0.0,True,DEVELOPMENT_LABEL_COMPLETE,2022-04-13,2022-04-13T20:00:00+00:00,2022-04-14T19:00:00+00:00,2022Q2,True,-0.0519118862712465
2022-04-06,2022-04-07,2022-04-07T19:00:00+00:00,2022-04-07T20:00:00+00:00,2026-09-07T01:33:38.070873+00:00,M2,2022-04-01_M2,True,FORECAST_AVAILABLE,0.010529755563521185,0.010529755563521185,0.07196531587719687,0.07196531587719687,-3.181737906562878,0.03985877097039556,False,False,0.0,,0.0,-0.0124155614294757,0.0330473134592507,0.0,True,DEVELOPMENT_LABEL_COMPLETE,2022-04-14,2022-04-14T20:00:00+00:00,2022-04-18T19:00:00+00:00,2022Q2,True,-0.03891800241794617
2022-04-07,2022-04-08,2022-04-08T19:00:00+00:00,2022-04-08T20:00:00+00:00,2026-09-07T01:33:38.073143+00:00,M2,2022-04-01_M2,True,FORECAST_AVAILABLE,0.013613204905973975,0.013613204905973975,0.07201602391260495,0.07201602391260495,-3.12986533618671,0.041892011735413924,False,False,0.0,,0.0,-0.0071129526048056,0.0341054656963899,0.0,True,DEVELOPMENT_LABEL_COMPLETE,2022-04-18,2022-04-18T20:00:00+00:00,2022-04-19T19:00:00+00:00,2022Q2,True,-0.03791055821621505
2022-04-08,2022-04-11,2022-04-11T19:00:00+00:00,2022-04-11T20:00:00+00:00,2026-09-07T01:33:38.075323+00:00,M2,2022-04-01_M2,True,FORECAST_AVAILABLE,0.007728959308845509,0.007728959308845509,0.07048892005145764,0.07048892005145764,-3.1420441750729218,0.041405906909087124,False,False,0.0,,0.0,0.0474760505879385,0.0061925656855924,0.0,True,DEVELOPMENT_LABEL_COMPLETE,2022-04-19,2022-04-19T20:00:00+00:00,2022-04-20T19:00:00+00:00,2022Q2,True,-0.06429635436586524
2022-04-11,2022-04-12,2022-04-12T19:00:00+00:00,2022-04-12T20:00:00+00:00,2026-09-07T01:33:38.077802+00:00,M2,2022-04-01_M2,True,FORECAST_AVAILABLE,0.013015371745837499,0.013015371745837499,0.07561599449725716,0.07561599449725716,-3.136007860252051,0.041646161391304455,False,False,0.0,,0.0,0.0662764765277266,0.0,0.0,True,DEVELOPMENT_LABEL_COMPLETE,2022-04-20,2022-04-20T20:00:00+00:00,2022-04-21T19:00:00+00:00,2022Q2,True,-0.07561599449725716
2022-04-12,2022-04-13,2022-04-13T19:00:00+00:00,2022-04-13T20:00:00+00:00,2026-09-07T01:33:38.080100+00:00,M2,2022-04-01_M2,True,FORECAST_AVAILABLE,0.012348736444495923,0.012348736444495923,0.07436688350378551,0.07436688350378551,-3.4988396681298104,0.029345263739160087,False,False,0.0,,0.0,-0.0082086969252926,0.0133162996406445,0.0,True,DEVELOPMENT_LABEL_COMPLETE,2022-04-21,2022-04-21T20:00:00+00:00,2022-04-22T19:00:00+00:00,2022Q2,True,-0.06105058386314101
2022-04-13,2022-04-14,2022-04-14T19:00:00+00:00,2022-04-14T20:00:00+00:00,2026-09-07T01:33:38.082344+00:00,M2,2022-04-01_M2,True,FORECAST_AVAILABLE,0.008969209389221482,0.008969209389221482,0.07008692624255622,0.07008692624255622,-3.454372675440485,0.03063872405101687,False,False,0.0,,0.0,-0.0549085082700084,0.0549085082700084,0.0,True,DEVELOPMENT_LABEL_COMPLETE,2022-04-22,2022-04-22T20:00:00+00:00,2022-04-25T19:00:00+00:00,2022Q2,True,-0.01517841797254782
2022-04-14,2022-04-18,2022-04-18T19:00:00+00:00,2022-04-18T20:00:00+00:00,2026-09-07T01:33:38.084678+00:00,M2,2022-04-01_M2,True,FORECAST_AVAILABLE,0.008881938035160766,0.008881938035160766,0.0660238750455945,0.0660238750455945,-3.9480418284634666,0.018927289083354334,False,False,0.0,,0.0,-0.0529022286199142,0.0609845661016491,0.0,True,DEVELOPMENT_LABEL_COMPLETE,2022-04-25,2022-04-25T20:00:00+00:00,2022-04-26T19:00:00+00:00,2022Q2,True,-0.005039308943945393
2022-04-18,2022-04-19,2022-04-19T19:00:00+00:00,2022-04-19T20:00:00+00:00,2026-09-07T01:33:38.086845+00:00,M2,2022-04-01_M2,True,FORECAST_AVAILABLE,0.004104489261374051,0.004104489261374051,0.06366817590029121,0.06366817590029121,-4.1825036770381985,0.015030877953514465,False,False,0.0,,0.0,-0.1259405019299689,0.125940501929969,1.0,True,DEVELOPMENT_LABEL_COMPLETE,2022-04-26,2022-04-26T20:00:00+00:00,2022-04-27T19:00:00+00:00,2022Q2,False,0.06227232602967779
2022-04-19,2022-04-20,2022-04-20T19:00:00+00:00,2022-04-20T20:00:00+00:00,2026-09-07T01:33:38.089013+00:00,M2,2022-04-01_M2,True,FORECAST_AVAILABLE,0.001503059795695997,0.001503059795695997,0.05986609089576128,0.05986609089576128,-4.050342426093042,0.01711827096322489,False,False,0.0,,0.0,-0.1432619085834537,0.1432619085834537,1.0,True,DEVELOPMENT_LABEL_COMPLETE,2022-04-27,2022-04-27T20:00:00+00:00,2022-04-28T19:00:00+00:00,2022Q2,False,0.08339581768769241
2022-04-20,2022-04-21,2022-04-21T19:00:00+00:00,2022-04-21T20:00:00+00:00,2026-09-07T01:33:38.091370+00:00,M2,2022-04-01_M2,True,FORECAST_AVAILABLE,0.011942932603891558,0.011942932603891558,0.05298331721794391,0.05298331721794391,-4.176588735552767,0.015118700037589626,False,False,0.0,,0.0,-0.0873643570593195,0.1101710130852469,1.0,True,DEVELOPMENT_LABEL_COMPLETE,2022-04-28,2022-04-28T20:00:00+00:00,2022-04-29T19:00:00+00:00,2022Q2,False,0.057187695867303
2022-04-21,2022-04-22,2022-04-22T19:00:00+00:00,2022-04-22T20:00:00+00:00,2026-09-07T01:33:38.093513+00:00,M2,2022-04-01_M2,True,FORECAST_AVAILABLE,0.014435331472519707,0.014435331472519707,0.06182887174091638,0.06182887174091638,-3.7839456471184323,0.022227524281841337,False,False,0.0,,0.0,-0.0676838645689911,0.0676838645689911,0.0,True,DEVELOPMENT_LABEL_COMPLETE,2022-04-29,2022-04-29T20:00:00+00:00,2022-05-02T19:00:00+00:00,2022Q2,False,0.005854992828074723
2022-04-22,2022-04-25,2022-04-25T19:00:00+00:00,2022-04-25T20:00:00+00:00,2026-09-07T01:33:38.095700+00:00,M2,2022-04-01_M2,True,FORECAST_AVAILABLE,0.020068011602572263,0.020068011602572263,0.07628962963076316,0.07628962963076316,-3.63115286325134,0.025802243743620272,False,False,0.0,,0.0,-0.0686578902490319,0.0756400586113866,0.0,True,DEVELOPMENT_LABEL_COMPLETE,2022-05-02,2022-05-02T20:00:00+00:00,2022-05-03T19:00:00+00:00,2022Q2,True,-0.0006495710193765575
2022-04-25,2022-04-26,2022-04-26T19:00:00+00:00,2022-04-26T20:00:00+00:00,2026-09-07T01:33:38.097903+00:00,M2,2022-04-01_M2,True,FORECAST_AVAILABLE,0.020354989431391832,0.020354989431391832,0.07126476708110129,0.07126476708110129,-3.740051126397258,0.023201779416499955,False,False,0.0,,0.0,0.0133223549699665,0.0231605051631718,0.0,True,DEVELOPMENT_LABEL_COMPLETE,2022-05-03,2022-05-03T20:00:00+00:00,2022-05-04T19:00:00+00:00,2022Q2,True,-0.048104261917929485
2022-04-26,2022-04-27,2022-04-27T19:00:00+00:00,2022-04-27T20:00:00+00:00,2026-09-07T01:33:38.100154+00:00,M2,2022-04-01_M2,True,FORECAST_AVAILABLE,0.01318520425846865,0.01318520425846865,0.08645448633724023,0.08645448633724023,-2.6552746581033286,0.06566465207705839,False,False,0.0,,0.0,0.0682099868582972,0.0148822076231337,0.0,True,DEVELOPMENT_LABEL_COMPLETE,2022-05-04,2022-05-04T20:00:00+00:00,2022-05-05T19:00:00+00:00,2022Q2,True,-0.07157227871410653
2022-04-27,2022-04-28,2022-04-28T19:00:00+00:00,2022-04-28T20:00:00+00:00,2026-09-07T01:33:38.102375+00:00,M2,2022-04-01_M2,True,FORECAST_AVAILABLE,0.01563138787441289,0.01563138787441289,0.08212885604694789,0.08212885604694789,-3.092581540983635,0.043414298399076026,False,False,0.0,,0.0,-0.0497782639898183,0.0497782639898183,0.0,True,DEVELOPMENT_LABEL_COMPLETE,2022-05-05,2022-05-05T20:00:00+00:00,2022-05-06T19:00:00+00:00,2022Q2,True,-0.03235059205712959
2022-04-28,2022-04-29,2022-04-29T19:00:00+00:00,2022-04-29T20:00:00+00:00,2026-09-07T01:33:38.104627+00:00,M2,2022-04-01_M2,True,FORECAST_AVAILABLE,0.016498522164745386,0.016498522164745386,0.07963504044324893,0.07963504044324893,-3.2493969765544595,0.037348562188563646,False,False,0.0,,0.0,-0.0044061914633862,0.0107007621310534,0.0,True,DEVELOPMENT_LABEL_COMPLETE,2022-05-06,2022-05-06T20:00:00+00:00,2022-05-09T19:00:00+00:00,2022Q2,True,-0.06893427831219553
2022-04-29,2022-05-02,2022-05-02T19:00:00+00:00,2022-05-02T20:00:00+00:00,2026-09-07T01:33:38.225852+00:00,M2,2022-05-02_M2,True,FORECAST_AVAILABLE,0.004510887238648512,0.004510887238648512,0.08544993599873549,0.08544993599873549,-3.2804134829225196,0.036249268471432214,False,False,0.0,,0.0,-0.0522699315348437,0.0522699315348437,0.0,True,DEVELOPMENT_LABEL_COMPLETE,2022-05-09,2022-05-09T20:00:00+00:00,2022-05-10T19:00:00+00:00,2022Q2,True,-0.033180004463891785
2022-05-02,2022-05-03,2022-05-03T19:00:00+00:00,2022-05-03T20:00:00+00:00,2026-09-07T01:33:38.228239+00:00,M2,2022-05-02_M2,True,FORECAST_AVAILABLE,0.011589914768807897,0.011589914768807897,0.07824253201060874,0.07824253201060874,-3.477845311269685,0.029949215019173313,False,False,0.0,,0.0,-0.0643203963087866,0.0794902996427811,0.0,True,DEVELOPMENT_LABEL_COMPLETE,2022-05-10,2022-05-10T20:00:00+00:00,2022-05-11T19:00:00+00:00,2022Q2,False,0.0012477676321723669
2022-05-03,2022-05-04,2022-05-04T19:00:00+00:00,2022-05-04T20:00:00+00:00,2026-09-07T01:33:38.230584+00:00,M2,2022-05-02_M2,True,FORECAST_AVAILABLE,0.0063777436867254195,0.0063777436867254195,0.06858688825177356,0.06858688825177356,-3.8611730927856653,0.02060960520476942,False,False,0.0,,0.0,-0.1027477039848083,0.1193885825698157,1.0,True,DEVELOPMENT_LABEL_COMPLETE,2022-05-11,2022-05-11T20:00:00+00:00,2022-05-12T19:00:00+00:00,2022Q2,False,0.05080169431804214
2022-05-04,2022-05-05,2022-05-05T19:00:00+00:00,2022-05-05T20:00:00+00:00,2026-09-07T01:33:38.232867+00:00,M2,2022-05-02_M2,True,FORECAST_AVAILABLE,0.008778643853688555,0.008778643853688555,0.050917383959179524,0.050917383959179524,-4.180162372134305,0.015065580244331113,False,False,0.0,,0.0,-0.0067868437851179,0.0347826755306798,0.0,True,DEVELOPMENT_LABEL_COMPLETE,2022-05-12,2022-05-12T20:00:00+00:00,2022-05-13T19:00:00+00:00,2022Q2,True,-0.016134708428499726
2022-05-05,2022-05-06,2022-05-06T19:00:00+00:00,2022-05-06T20:00:00+00:00,2026-09-07T01:33:38.235067+00:00,M2,2022-05-02_M2,True,FORECAST_AVAILABLE,0.0077240176030325,0.0077240176030325,0.06677727362163804,0.06677727362163804,-4.055531235475888,0.01703118641483013,False,False,0.0,,0.0,0.0181243539836415,0.0408851930498065,0.0,True,DEVELOPMENT_LABEL_COMPLETE,2022-05-13,2022-05-13T20:00:00+00:00,2022-05-16T19:00:00+00:00,2022Q2,True,-0.025892080571831545
2022-05-06,2022-05-09,2022-05-09T19:00:00+00:00,2022-05-09T20:00:00+00:00,2026-09-07T01:33:38.237530+00:00,M2,2022-05-02_M2,True,FORECAST_AVAILABLE,0.001754987657698282,0.001754987657698282,0.06961539225107409,0.06961539225107409,-3.787055534428229,0.02216003599563238,False,False,0.0,,0.0,0.0832784235400443,0.0,0.0,True,DEVELOPMENT_LABEL_COMPLETE,2022-05-16,2022-05-16T20:00:00+00:00,2022-05-17T19:00:00+00:00,2022Q2,True,-0.06961539225107409
2022-05-09,2022-05-10,2022-05-10T19:00:00+00:00,2022-05-10T20:00:00+00:00,2026-09-07T01:33:38.239847+00:00,M2,2022-05-02_M2,True,FORECAST_AVAILABLE,0.0025966163045431753,0.0025966163045431753,0.082404501717812,0.082404501717812,-4.08787264600077,0.016498127599350848,False,False,0.0,,0.0,0.0791180281065522,0.0,0.0,True,DEVELOPMENT_LABEL_COMPLETE,2022-05-17,2022-05-17T20:00:00+00:00,2022-05-18T19:00:00+00:00,2022Q2,True,-0.082404501717812
2022-05-10,2022-05-11,2022-05-11T19:00:00+00:00,2022-05-11T20:00:00+00:00,2026-09-07T01:33:38.242101+00:00,M2,2022-05-02_M2,True,FORECAST_AVAILABLE,0.004231761592820529,0.004231761592820529,0.07233211302345788,0.07233211302345788,-3.9565463932574634,0.018770011840134524,False,False,0.0,,0.0,-0.0008625641956306,0.0008625641956306,0.0,True,DEVELOPMENT_LABEL_COMPLETE,2022-05-18,2022-05-18T20:00:00+00:00,2022-05-19T19:00:00+00:00,2022Q2,True,-0.07146954882782727
2022-05-11,2022-05-12,2022-05-12T19:00:00+00:00,2022-05-12T20:00:00+00:00,2026-09-07T01:33:38.244443+00:00,M2,2022-05-02_M2,True,FORECAST_AVAILABLE,0.005001625456093121,0.005001625456093121,0.05896630846965018,0.05896630846965018,-4.005132306484105,0.017895783439930313,False,False,0.0,,0.0,0.0194319840237258,0.010676916089045,0.0,True,DEVELOPMENT_LABEL_COMPLETE,2022-05-19,2022-05-19T20:00:00+00:00,2022-05-20T19:00:00+00:00,2022Q2,True,-0.04828939238060518
2022-05-12,2022-05-13,2022-05-13T19:00:00+00:00,2022-05-13T20:00:00+00:00,2026-09-07T01:33:38.246743+00:00,M2,2022-05-02_M2,True,FORECAST_AVAILABLE,0.009070252179330003,0.009070252179330003,0.0647998283200617,0.0647998283200617,-4.514659851244209,0.010828781983141451,False,False,0.0,,0.0,-0.0130408000456722,0.0409852926092235,0.0,True,DEVELOPMENT_LABEL_COMPLETE,2022-05-20,2022-05-20T20:00:00+00:00,2022-05-23T19:00:00+00:00,2022Q2,True,-0.023814535710838206
2022-05-13,2022-05-16,2022-05-16T19:00:00+00:00,2022-05-16T20:00:00+00:00,2026-09-07T01:33:38.249023+00:00,M2,2022-05-02_M2,True,FORECAST_AVAILABLE,0.00548790798079659,0.00548790798079659,0.05950900782826331,0.05950900782826331,-4.197658804915928,0.014808148307468252,False,False,0.0,,0.0,-0.0259634644848971,0.0602433560236894,0.0,True,DEVELOPMENT_LABEL_COMPLETE,2022-05-23,2022-05-23T20:00:00+00:00,2022-05-24T19:00:00+00:00,2022Q2,False,0.0007343481954260947
2022-05-16,2022-05-17,2022-05-17T19:00:00+00:00,2022-05-17T20:00:00+00:00,2026-09-07T01:33:38.251380+00:00,M2,2022-05-02_M2,True,FORECAST_AVAILABLE,-0.006407011660027998,-0.006407011660027998,0.058613845607068726,0.058613845607068726,-4.437557326785264,0.011686595851681058,False,False,0.0,,0.0,-0.0398637407203973,0.0719149933808275,0.0,True,DEVELOPMENT_LABEL_COMPLETE,2022-05-24,2022-05-24T20:00:00+00:00,2022-05-25T19:00:00+00:00,2022Q2,False,0.013301147773758779
2022-05-17,2022-05-18,2022-05-18T19:00:00+00:00,2022-05-18T20:00:00+00:00,2026-09-07T01:33:38.253800+00:00,M2,2022-05-02_M2,True,FORECAST_AVAILABLE,-0.009453420905991205,-0.009453420905991205,0.047819579064462735,0.047819579064462735,-4.134163385131561,0.0157635882431024,False,False,0.0,,0.0,0.0453269672161649,0.0,0.0,True,DEVELOPMENT_LABEL_COMPLETE,2022-05-25,2022-05-25T20:00:00+00:00,2022-05-26T19:00:00+00:00,2022Q2,True,-0.047819579064462735
2022-05-18,2022-05-19,2022-05-19T19:00:00+00:00,2022-05-19T20:00:00+00:00,2026-09-07T01:33:38.256095+00:00,M2,2022-05-02_M2,True,FORECAST_AVAILABLE,0.0003658406143284662,0.0003658406143284662,0.06126292511760535,0.06126292511760535,-3.6981496376790686,0.024170626412142727,False,False,0.0,,0.0,0.0180141760665708,0.0012568364302777,0.0,True,DEVELOPMENT_LABEL_COMPLETE,2022-05-26,2022-05-26T20:00:00+00:00,2022-05-27T19:00:00+00:00,2022Q2,True,-0.06000608868732765
2022-05-19,2022-05-20,2022-05-20T19:00:00+00:00,2022-05-20T20:00:00+00:00,2026-09-07T01:33:38.258427+00:00,M2,2022-05-02_M2,True,FORECAST_AVAILABLE,0.0041079163238193755,0.0041079163238193755,0.04826541581027649,0.04826541581027649,-4.260228875627003,0.013922497800816135,False,False,0.0,,0.0,0.0398490250360308,0.0,0.0,True,DEVELOPMENT_LABEL_COMPLETE,2022-05-27,2022-05-27T20:00:00+00:00,2022-05-31T19:00:00+00:00,2022Q2,True,-0.04826541581027649
2022-05-20,2022-05-23,2022-05-23T19:00:00+00:00,2022-05-23T20:00:00+00:00,2026-09-07T01:33:38.260737+00:00,M2,2022-05-02_M2,True,FORECAST_AVAILABLE,0.0068239950138971744,0.0068239950138971744,0.05111139779775314,0.05111139779775314,-3.737894270121384,0.023250711537737934,False,False,0.0,,0.0,0.0418575239977578,0.0018742222351091,0.0,True,DEVELOPMENT_LABEL_COMPLETE,2022-05-31,2022-05-31T20:00:00+00:00,2022-06-01T19:00:00+00:00,2022Q2,True,-0.04923717556264404
2022-05-23,2022-05-24,2022-05-24T19:00:00+00:00,2022-05-24T20:00:00+00:00,2026-09-07T01:33:38.263013+00:00,M2,2022-05-02_M2,True,FORECAST_AVAILABLE,0.004896242646357688,0.004896242646357688,0.05042645499890948,0.05042645499890948,-3.234715129846398,0.037880028603833736,False,False,0.0,,0.0,0.0473607436534595,0.0,0.0,True,DEVELOPMENT_LABEL_COMPLETE,2022-06-01,2022-06-01T20:00:00+00:00,2022-06-02T19:00:00+00:00,2022Q2,True,-0.05042645499890948
2022-05-24,2022-05-25,2022-05-25T19:00:00+00:00,2022-05-25T20:00:00+00:00,2026-09-07T01:33:38.265537+00:00,M2,2022-05-02_M2,True,FORECAST_AVAILABLE,0.008970522264936038,0.008970522264936038,0.051046692982062505,0.051046692982062505,-3.348710077828477,0.03393742972021395,False,False,0.0,,0.0,0.0470782317763727,0.0,0.0,True,DEVELOPMENT_LABEL_COMPLETE,2022-06-02,2022-06-02T20:00:00+00:00,2022-06-03T19:00:00+00:00,2022Q2,True,-0.051046692982062505
2022-05-25,2022-05-26,2022-05-26T19:00:00+00:00,2022-05-26T20:00:00+00:00,2026-09-07T01:33:38.267815+00:00,M2,2022-05-02_M2,True,FORECAST_AVAILABLE,0.013394258280102224,0.013394258280102224,0.04716107866308501,0.04716107866308501,-3.8038882827294382,0.02179820656557581,False,False,0.0,,0.0,0.0380658919115699,0.0,0.0,True,DEVELOPMENT_LABEL_COMPLETE,2022-06-03,2022-06-03T20:00:00+00:00,2022-06-06T19:00:00+00:00,2022Q2,True,-0.04716107866308501
2022-05-26,2022-05-27,2022-05-27T19:00:00+00:00,2022-05-27T20:00:00+00:00,2026-09-07T01:33:38.270081+00:00,M2,2022-05-02_M2,True,FORECAST_AVAILABLE,0.00751983385496161,0.00751983385496161,0.04273352821870212,0.04273352821870212,-2.6334563357473337,0.06701601995291452,False,False,0.0,,0.0,0.0242032453393445,0.0,0.0,True,DEVELOPMENT_LABEL_COMPLETE,2022-06-06,2022-06-06T20:00:00+00:00,2022-06-07T19:00:00+00:00,2022Q2,True,-0.04273352821870212
2022-05-27,2022-05-31,2022-05-31T19:00:00+00:00,2022-05-31T20:00:00+00:00,2026-09-07T01:33:38.272526+00:00,M2,2022-05-02_M2,True,FORECAST_AVAILABLE,0.010004178489044738,0.010004178489044738,0.031922646647350846,0.031922646647350846,-3.2237374607579152,0.03828214711222243,False,False,0.0,,0.0,0.0275834719525576,0.0,0.0,True,DEVELOPMENT_LABEL_COMPLETE,2022-06-07,2022-06-07T20:00:00+00:00,2022-06-08T19:00:00+00:00,2022Q2,True,-0.031922646647350846
2022-05-31,2022-06-01,2022-06-01T19:00:00+00:00,2022-06-01T20:00:00+00:00,2026-09-07T01:33:38.393288+00:00,M2,2022-06-01_M2,True,FORECAST_AVAILABLE,0.0195827074063172,0.0195827074063172,0.039533190043184854,0.039533190043184854,-3.1578981494255696,0.04078119463532059,False,False,0.0,,0.0,0.0260955684996893,0.0,0.0,True,DEVELOPMENT_LABEL_COMPLETE,2022-06-08,2022-06-08T20:00:00+00:00,2022-06-09T19:00:00+00:00,2022Q2,True,-0.039533190043184854
2022-06-01,2022-06-02,2022-06-02T19:00:00+00:00,2022-06-02T20:00:00+00:00,2026-09-07T01:33:38.395734+00:00,M2,2022-06-01_M2,True,FORECAST_AVAILABLE,0.018987866015083794,0.018987866015083794,0.03367361242095121,0.03367361242095121,-3.6303444332521613,0.025822572626648107,False,False,0.0,,0.0,-0.009859988346028,0.0098599883460281,0.0,True,DEVELOPMENT_LABEL_COMPLETE,2022-06-09,2022-06-09T20:00:00+00:00,2022-06-10T19:00:00+00:00,2022Q2,True,-0.023813624074923108
2022-06-02,2022-06-03,2022-06-03T19:00:00+00:00,2022-06-03T20:00:00+00:00,2026-09-07T01:33:38.398227+00:00,M2,2022-06-01_M2,True,FORECAST_AVAILABLE,0.017483186766911813,0.017483186766911813,0.03391729070646337,0.03391729070646337,-3.229246585772697,0.03807983485176652,False,False,0.0,,0.0,-0.035480691545247,0.035480691545247,0.0,True,DEVELOPMENT_LABEL_COMPLETE,2022-06-10,2022-06-10T20:00:00+00:00,2022-06-13T19:00:00+00:00,2022Q2,False,0.0015634008387836323
2022-06-03,2022-06-06,2022-06-06T19:00:00+00:00,2022-06-06T20:00:00+00:00,2026-09-07T01:33:38.400570+00:00,M2,2022-06-01_M2,True,FORECAST_AVAILABLE,0.024307286336800547,0.024307286336800547,0.03552498907630251,0.03552498907630251,-3.987618639906465,0.01820620842532226,False,False,0.0,,0.0,-0.1087042258853731,0.1087042258853731,1.0,True,DEVELOPMENT_LABEL_COMPLETE,2022-06-13,2022-06-13T20:00:00+00:00,2022-06-14T19:00:00+00:00,2022Q2,False,0.07317923680907058
2022-06-06,2022-06-07,2022-06-07T19:00:00+00:00,2022-06-07T20:00:00+00:00,2026-09-07T01:33:38.402877+00:00,M2,2022-06-01_M2,True,FORECAST_AVAILABLE,0.03206175101466885,0.03206175101466885,0.04245627653188882,0.04245627653188882,-4.257170405653131,0.013964548983639646,False,False,0.0,,0.0,-0.1034818072478948,0.1196265618387951,1.0,True,DEVELOPMENT_LABEL_COMPLETE,2022-06-14,2022-06-14T20:00:00+00:00,2022-06-15T19:00:00+00:00,2022Q2,False,0.07717028530690628
2022-06-07,2022-06-08,2022-06-08T19:00:00+00:00,2022-06-08T20:00:00+00:00,2026-09-07T01:33:38.405293+00:00,M2,2022-06-01_M2,True,FORECAST_AVAILABLE,0.030675362761241186,0.030675362761241186,0.03696585450194633,0.03696585450194633,-4.11674277052804,0.01603616324417116,False,False,0.0,,0.0,-0.0805668384082778,0.1213356669318166,1.0,True,DEVELOPMENT_LABEL_COMPLETE,2022-06-15,2022-06-15T20:00:00+00:00,2022-06-16T19:00:00+00:00,2022Q2,False,0.08436981242987027
2022-06-08,2022-06-09,2022-06-09T19:00:00+00:00,2022-06-09T20:00:00+00:00,2026-09-07T01:33:38.407650+00:00,M2,2022-06-01_M2,True,FORECAST_AVAILABLE,0.015959466639147477,0.015959466639147477,0.05314229533798591,0.05314229533798591,-3.1921445966265987,0.03946240800799589,False,False,0.0,,0.0,-0.0862377633003473,0.0985859560485478,0.0,True,DEVELOPMENT_LABEL_COMPLETE,2022-06-16,2022-06-16T20:00:00+00:00,2022-06-17T19:00:00+00:00,2022Q2,False,0.045443660710561884
2022-06-09,2022-06-10,2022-06-10T19:00:00+00:00,2022-06-10T20:00:00+00:00,2026-09-07T01:33:38.410041+00:00,M2,2022-06-01_M2,True,FORECAST_AVAILABLE,0.008356741153199117,0.008356741153199117,0.06081106327022174,0.06081106327022174,-3.471393688459715,0.030137218725611755,False,False,0.0,,0.0,-0.0427455409551967,0.0698726168627337,0.0,True,DEVELOPMENT_LABEL_COMPLETE,2022-06-17,2022-06-17T20:00:00+00:00,2022-06-21T19:00:00+00:00,2022Q2,False,0.009061553592511963
2022-06-10,2022-06-13,2022-06-13T19:00:00+00:00,2022-06-13T20:00:00+00:00,2026-09-07T01:33:38.412510+00:00,M2,2022-06-01_M2,True,FORECAST_AVAILABLE,-0.0027416616617843633,-0.0027416616617843633,0.06087809723349258,0.06087809723349258,-3.421152326281501,0.03164090232174202,False,False,0.0,,0.0,0.0388864825784387,0.0,0.0,True,DEVELOPMENT_LABEL_COMPLETE,2022-06-21,2022-06-21T20:00:00+00:00,2022-06-22T19:00:00+00:00,2022Q2,True,-0.06087809723349258
2022-06-13,2022-06-14,2022-06-14T19:00:00+00:00,2022-06-14T20:00:00+00:00,2026-09-07T01:33:38.414802+00:00,M2,2022-06-01_M2,True,FORECAST_AVAILABLE,-0.02078310268450109,-0.02078310268450109,0.06958145653083603,0.06958145653083603,-2.7528666911123834,0.059924954250189656,False,False,0.0,,0.0,0.0407897822063612,0.00455628300667,0.0,True,DEVELOPMENT_LABEL_COMPLETE,2022-06-22,2022-06-22T20:00:00+00:00,2022-06-23T19:00:00+00:00,2022Q2,True,-0.06502517352416602
2022-06-14,2022-06-15,2022-06-15T19:00:00+00:00,2022-06-15T20:00:00+00:00,2026-09-07T01:33:38.417122+00:00,M2,2022-06-01_M2,True,FORECAST_AVAILABLE,-0.029884970233006177,-0.029884970233006177,0.0663016438559708,0.0663016438559708,-2.6957411513062537,0.06322512920350096,False,False,0.0,,0.0,0.0126688865369215,0.0312499899316479,0.0,True,DEVELOPMENT_LABEL_COMPLETE,2022-06-23,2022-06-23T20:00:00+00:00,2022-06-24T19:00:00+00:00,2022Q2,True,-0.0350516539243229
2022-06-15,2022-06-16,2022-06-16T19:00:00+00:00,2022-06-16T20:00:00+00:00,2026-09-07T01:33:38.419499+00:00,M2,2022-06-01_M2,True,FORECAST_AVAILABLE,-0.009083180726468541,-0.009083180726468541,0.05506403174023529,0.05506403174023529,-3.1416672716255007,0.04142086934237342,False,False,0.0,,0.0,0.0551438256407343,0.0,0.0,True,DEVELOPMENT_LABEL_COMPLETE,2022-06-24,2022-06-24T20:00:00+00:00,2022-06-27T19:00:00+00:00,2022Q2,True,-0.05506403174023529
2022-06-16,2022-06-17,2022-06-17T19:00:00+00:00,2022-06-17T20:00:00+00:00,2026-09-07T01:33:38.421786+00:00,M2,2022-06-01_M2,True,FORECAST_AVAILABLE,-0.010601256128103736,-0.010601256128103736,0.06142043487668353,0.06142043487668353,-3.119058135289663,0.04232793508092495,False,False,0.0,,0.0,0.0553885340261479,0.0,0.0,True,DEVELOPMENT_LABEL_COMPLETE,2022-06-27,2022-06-27T20:00:00+00:00,2022-06-28T19:00:00+00:00,2022Q2,True,-0.06142043487668353
2022-06-17,2022-06-21,2022-06-21T19:00:00+00:00,2022-06-21T20:00:00+00:00,2026-09-07T01:33:38.424111+00:00,M2,2022-06-01_M2,True,FORECAST_AVAILABLE,-0.010921654120855682,-0.010921654120855682,0.07379606744127358,0.07379606744127358,-3.079083289267146,0.04397834170053702,False,False,0.0,,0.0,0.0306252363396393,0.0,0.0,True,DEVELOPMENT_LABEL_COMPLETE,2022-06-28,2022-06-28T20:00:00+00:00,2022-06-29T19:00:00+00:00,2022Q2,True,-0.07379606744127358
2022-06-21,2022-06-22,2022-06-22T19:00:00+00:00,2022-06-22T20:00:00+00:00,2026-09-07T01:33:38.426501+00:00,M2,2022-06-01_M2,True,FORECAST_AVAILABLE,-0.01287424135929028,-0.01287424135929028,0.0775910528080504,0.0775910528080504,-2.6982920865939803,0.06307421137446884,False,False,0.0,,0.0,0.008755433776475,0.0002085081504262,0.0,True,DEVELOPMENT_LABEL_COMPLETE,2022-06-29,2022-06-29T20:00:00+00:00,2022-06-30T19:00:00+00:00,2022Q2,True,-0.0773825446576242
2022-06-22,2022-06-23,2022-06-23T19:00:00+00:00,2022-06-23T20:00:00+00:00,2026-09-07T01:33:38.428800+00:00,M2,2022-06-01_M2,True,FORECAST_AVAILABLE,-0.009800766188715393,-0.009800766188715393,0.06789577674641052,0.06789577674641052,-2.954888783731265,0.04950596194932837,False,False,0.0,,0.0,0.0052126773305323,0.0,0.0,True,DEVELOPMENT_LABEL_COMPLETE,2022-06-30,2022-06-30T20:00:00+00:00,2022-07-01T19:00:00+00:00,2022Q2,True,-0.06789577674641052
2022-06-23,2022-06-24,2022-06-24T19:00:00+00:00,2022-06-24T20:00:00+00:00,2026-09-07T01:33:38.431112+00:00,M2,2022-06-01_M2,True,FORECAST_AVAILABLE,-0.0058684555883962135,-0.0058684555883962135,0.06763468362760147,0.06763468362760147,-2.7485676015301883,0.060167597654110734,False,False,0.0,,0.0,0.0074364926975059,0.0041313935874792,0.0,True,DEVELOPMENT_LABEL_COMPLETE,2022-07-01,2022-07-01T20:00:00+00:00,2022-07-05T19:00:00+00:00,2022Q2,True,-0.06350329004012227
2022-06-24,2022-06-27,2022-06-27T19:00:00+00:00,2022-06-27T20:00:00+00:00,2026-09-07T01:33:38.433496+00:00,M2,2022-06-01_M2,True,FORECAST_AVAILABLE,0.000894263469543132,0.000894263469543132,0.040552477869939874,0.040552477869939874,-3.8562215525353394,0.02070978890235221,False,False,0.0,,0.0,-0.0081367275655104,0.0193246697698979,0.0,True,DEVELOPMENT_LABEL_COMPLETE,2022-07-05,2022-07-05T20:00:00+00:00,2022-07-06T19:00:00+00:00,2022Q2,True,-0.021227808100041972
2022-06-27,2022-06-28,2022-06-28T19:00:00+00:00,2022-06-28T20:00:00+00:00,2026-09-07T01:33:38.435709+00:00,M2,2022-06-01_M2,True,FORECAST_AVAILABLE,0.014630126583855119,0.014630126583855119,0.02773660006258412,0.02773660006258412,-4.39480487746204,0.012190837515362962,False,False,0.0,,0.0,0.0148576399980537,0.005158894030605,0.0,True,DEVELOPMENT_LABEL_COMPLETE,2022-07-06,2022-07-06T20:00:00+00:00,2022-07-07T19:00:00+00:00,2022Q2,True,-0.022577706031979117
2022-06-28,2022-06-29,2022-06-29T19:00:00+00:00,2022-06-29T20:00:00+00:00,2026-09-07T01:33:38.438041+00:00,M2,2022-06-01_M2,True,FORECAST_AVAILABLE,0.0067472826074195455,0.0067472826074195455,0.046197819730824013,0.046197819730824013,-3.641645533506622,0.025539803071857447,False,False,0.0,,0.0,0.0219053810014671,0.0037197831668972,0.0,True,DEVELOPMENT_LABEL_COMPLETE,2022-07-07,2022-07-07T20:00:00+00:00,2022-07-08T19:00:00+00:00,2022Q2,True,-0.04247803656392681
2022-06-29,2022-06-30,2022-06-30T19:00:00+00:00,2022-06-30T20:00:00+00:00,2026-09-07T01:33:38.440318+00:00,M2,2022-06-01_M2,True,FORECAST_AVAILABLE,0.006587374851321732,0.006587374851321732,0.04371513633111457,0.04371513633111457,-3.4704774019274205,0.030164012367782527,False,False,0.0,,0.0,0.0375441071907005,0.0,0.0,True,DEVELOPMENT_LABEL_COMPLETE,2022-07-08,2022-07-08T20:00:00+00:00,2022-07-11T19:00:00+00:00,2022Q2,True,-0.04371513633111457
