fit_session,model,head,columns,nonzero_exact,nonzero_above_1e_12,interaction_nonzero_exact,intercept_or_constant
2020-09-11,M0,mu5,0,0,0,0,-0.002693269176028602
2020-09-11,M0,q90,0,0,0,0,0.08639928837805676
2020-09-11,M0,p10,0,0,0,0,0.0885286783042394
2020-09-11,M1,mu5,19,19,19,0,-0.0026932691760286
2020-09-11,M1,q90,19,7,7,0,0.08842190014351943
2020-09-11,M1,p10,19,19,19,0,-2.70297831539164
2020-09-11,M2,mu5,63,63,63,6,-0.002693269176028549
2020-09-11,M2,q90,63,23,23,0,0.06904408473026455
2020-09-11,M2,p10,63,63,63,6,-2.8262639987540132
2020-10-01,M0,mu5,0,0,0,0,-0.0019097824549230554
2020-10-01,M0,q90,0,0,0,0,0.08502255454467228
2020-10-01,M0,p10,0,0,0,0,0.0855421686746988
2020-10-01,M1,mu5,19,19,19,0,-0.0019097824549230565
2020-10-01,M1,q90,19,9,9,0,0.09164323787456519
2020-10-01,M1,p10,19,19,19,0,-2.756088364999303
2020-10-01,M2,mu5,63,63,63,6,-0.0019097824549230843
2020-10-01,M2,q90,63,22,22,0,0.06891584818907828
2020-10-01,M2,p10,63,63,63,6,-2.8882912331325956
2020-11-02,M0,mu5,0,0,0,0,-0.0019929014202893377
2020-11-02,M0,q90,0,0,0,0,0.08574109982226075
2020-11-02,M0,p10,0,0,0,0,0.08810068649885583
2020-11-02,M1,mu5,19,19,19,0,-0.0019929014202893364
2020-11-02,M1,q90,19,8,8,0,0.0868538903306447
2020-11-02,M1,p10,19,19,19,0,-2.7310041665651705
2020-11-02,M2,mu5,63,63,63,6,-0.001992901420289334
2020-11-02,M2,q90,63,15,15,0,0.07336237511526975
2020-11-02,M2,p10,63,63,63,6,-2.864976903449004
2020-12-01,M0,mu5,0,0,0,0,3.5149001449069826e-05
2020-12-01,M0,q90,0,0,0,0,0.0834032973725217
2020-12-01,M0,p10,0,0,0,0,0.08424507658643327
2020-12-01,M1,mu5,19,19,19,0,3.51490014490897e-05
2020-12-01,M1,q90,19,8,8,0,0.08815145614376016
2020-12-01,M1,p10,19,19,19,0,-2.7709932072475376
2020-12-01,M2,mu5,63,63,63,6,3.514900144913707e-05
2020-12-01,M2,q90,63,14,14,0,0.07112134973929181
2020-12-01,M2,p10,63,63,63,6,-2.8984282902396328
2021-01-04,M0,mu5,0,0,0,0,0.00018410754796133815
2021-01-04,M0,q90,0,0,0,0,0.07946429181511216
2021-01-04,M0,p10,0,0,0,0,0.08037578288100208
2021-01-04,M1,mu5,19,19,19,0,0.00018410754796135268
2021-01-04,M1,q90,19,8,8,0,0.08441273769439914
2021-01-04,M1,p10,19,19,19,0,-2.8235057603476563
2021-01-04,M2,mu5,63,63,63,6,0.0001841075479613637
2021-01-04,M2,q90,63,15,15,0,0.06790149612128318
2021-01-04,M2,p10,63,63,63,6,-2.9390157405719197
2021-02-01,M0,mu5,0,0,0,0,-0.0005794641528337789
2021-02-01,M0,q90,0,0,0,0,0.08066692102744415
2021-02-01,M0,p10,0,0,0,0,0.08333333333333333
2021-02-01,M1,mu5,19,19,19,0,-0.0005794641528337977
2021-02-01,M1,q90,19,9,9,0,0.08664373911060697
2021-02-01,M1,p10,19,19,19,0,-2.735668964869705
2021-02-01,M2,mu5,63,63,63,6,-0.0005794641528337014
2021-02-01,M2,q90,63,16,16,0,0.06780796038510624
2021-02-01,M2,p10,63,63,63,6,-2.8633446711203856
2021-03-01,M0,mu5,0,0,0,0,0.00025857106589178544
2021-03-01,M0,q90,0,0,0,0,0.0808800758873795
2021-03-01,M0,p10,0,0,0,0,0.08413926499032882
2021-03-01,M1,mu5,19,19,19,0,0.00025857106589179395
2021-03-01,M1,q90,19,9,9,0,0.081526068824014
2021-03-01,M1,p10,19,19,19,0,-2.708521867295013
2021-03-01,M2,mu5,63,63,63,6,0.0002585710658918149
2021-03-01,M2,q90,63,17,17,0,0.0712458268901367
2021-03-01,M2,p10,63,63,63,6,-2.84291622959471
2021-04-01,M0,mu5,0,0,0,0,0.0013921927317258995
2021-04-01,M0,q90,0,0,0,0,0.07941429041902784
2021-04-01,M0,p10,0,0,0,0,0.08055555555555556
2021-04-01,M1,mu5,19,19,19,0,0.0013921927317258923
2021-04-01,M1,q90,19,8,8,0,0.08541810115298683
2021-04-01,M1,p10,19,19,19,0,-2.7745469204943403
2021-04-01,M2,mu5,63,63,63,6,0.0013921927317258795
2021-04-01,M2,q90,63,15,15,0,0.07010714289448919
2021-04-01,M2,p10,63,63,63,6,-2.910875913651558
2021-05-03,M0,mu5,0,0,0,0,0.0020798533735113746
2021-05-03,M0,q90,0,0,0,0,0.07439367882353143
2021-05-03,M0,p10,0,0,0,0,0.07754010695187166
2021-05-03,M1,mu5,19,19,19,0,0.0020798533735113815
2021-05-03,M1,q90,19,6,6,0,0.08145345068097325
2021-05-03,M1,p10,19,19,19,0,-2.8263162296210003
2021-05-03,M2,mu5,63,63,63,6,0.002079853373511348
2021-05-03,M2,q90,63,13,13,0,0.06724495318783152
2021-05-03,M2,p10,63,63,63,6,-2.953189842086401
2021-06-01,M0,mu5,0,0,0,0,0.002163535409859372
2021-06-01,M0,q90,0,0,0,0,0.08002745644763787
2021-06-01,M0,p10,0,0,0,0,0.08175559380378658
2021-06-01,M1,mu5,19,19,19,0,0.00216353540985938
2021-06-01,M1,q90,19,6,6,0,0.08435882613732254
2021-06-01,M1,p10,19,19,19,0,-2.7254235008981484
2021-06-01,M2,mu5,63,63,63,6,0.002163535409859423
2021-06-01,M2,q90,63,11,11,0,0.07073007327516756
2021-06-01,M2,p10,63,63,63,6,-2.868153930639594
2021-07-01,M0,mu5,0,0,0,0,0.0028254501910144627
2021-07-01,M0,q90,0,0,0,0,0.07502889301890668
2021-07-01,M0,p10,0,0,0,0,0.07877280265339967
2021-07-01,M1,mu5,19,19,19,0,0.002825450191014448
2021-07-01,M1,q90,19,6,6,0,0.08181510346038139
2021-07-01,M1,p10,19,19,19,0,-2.7796787770297646
2021-07-01,M2,mu5,63,63,63,6,0.002825450191014518
2021-07-01,M2,q90,63,12,12,0,0.0701564013315595
2021-07-01,M2,p10,63,63,63,6,-2.926534328811032
2021-08-02,M0,mu5,0,0,0,0,0.002498952874968534
2021-08-02,M0,q90,0,0,0,0,0.0797142987955338
2021-08-02,M0,p10,0,0,0,0,0.07612179487179487
2021-08-02,M1,mu5,19,19,19,0,0.0024989528749685165
2021-08-02,M1,q90,19,6,6,0,0.08301336867252249
2021-08-02,M1,p10,19,19,19,0,-2.8264768695689226
2021-08-02,M2,mu5,63,63,63,6,0.0024989528749685412
2021-08-02,M2,q90,63,12,12,0,0.07300836376127398
2021-08-02,M2,p10,63,63,63,6,-2.9728543939492638
2021-09-01,M0,mu5,0,0,0,0,0.0029052644678722035
2021-09-01,M0,q90,0,0,0,0,0.07479068769564098
2021-09-01,M0,p10,0,0,0,0,0.07352941176470588
2021-09-01,M1,mu5,19,19,19,0,0.00290526446787221
2021-09-01,M1,q90,19,6,6,0,0.0829818445197641
2021-09-01,M1,p10,19,19,19,0,-2.8785230028735738
2021-09-01,M2,mu5,63,63,63,6,0.002905264467872069
2021-09-01,M2,q90,63,12,12,0,0.0710201205541602
2021-09-01,M2,p10,63,63,63,6,-3.033809975590128
2021-10-01,M0,mu5,0,0,0,0,0.0026437475003860114
2021-10-01,M0,q90,0,0,0,0,0.07471128592121906
2021-10-01,M0,p10,0,0,0,0,0.0712143928035982
2021-10-01,M1,mu5,19,19,19,0,0.0026437475003860326
2021-10-01,M1,q90,19,6,6,0,0.08206375984045614
2021-10-01,M1,p10,19,19,19,0,-2.922078551677165
2021-10-01,M2,mu5,63,63,63,6,0.002643747500385996
2021-10-01,M2,q90,63,13,13,0,0.0710370171737897
2021-10-01,M2,p10,63,63,63,6,-3.089368026465233
2021-11-01,M0,mu5,0,0,0,0,0.00329655705123911
2021-11-01,M0,q90,0,0,0,0,0.07407046680004216
2021-11-01,M0,p10,0,0,0,0,0.0690406976744186
2021-11-01,M1,mu5,19,19,19,0,0.0032965570512391144
2021-11-01,M1,q90,19,6,6,0,0.08060193300420754
2021-11-01,M1,p10,19,19,19,0,-2.972107653947659
2021-11-01,M2,mu5,63,63,63,6,0.0032965570512391096
2021-11-01,M2,q90,63,13,13,0,0.07097804307200133
2021-11-01,M2,p10,63,63,63,6,-3.1426652828265143
2021-12-01,M0,mu5,0,0,0,0,0.0028279655929757067
2021-12-01,M0,q90,0,0,0,0,0.07417566763093299
2021-12-01,M0,p10,0,0,0,0,0.07122708039492243
2021-12-01,M1,mu5,19,19,19,0,0.002827965592975707
2021-12-01,M1,q90,19,6,6,0,0.08061797637380119
2021-12-01,M1,p10,19,19,19,0,-2.908939916341642
2021-12-01,M2,mu5,63,63,63,6,0.0028279655929756243
2021-12-01,M2,q90,63,10,10,0,0.07223087618962787
2021-12-01,M2,p10,63,63,63,6,-3.0900771078479363
2022-01-03,M0,mu5,0,0,0,0,0.0031429085278478312
2022-01-03,M0,q90,0,0,0,0,0.07439367882353143
2022-01-03,M0,p10,0,0,0,0,0.073187414500684
2022-01-03,M1,mu5,19,19,19,0,0.0031429085278478386
2022-01-03,M1,q90,19,6,6,0,0.08093833193249426
2022-01-03,M1,p10,19,19,19,0,-2.9074913206020807
2022-01-03,M2,mu5,63,63,63,6,0.0031429085278477814
2022-01-03,M2,q90,63,12,12,0,0.07223549254675896
2022-01-03,M2,p10,63,63,63,6,-3.100409165874343
2022-02-01,M0,mu5,0,0,0,0,0.0023065625449817566
2022-02-01,M0,q90,0,0,0,0,0.08002745644763787
2022-02-01,M0,p10,0,0,0,0,0.07390146471371505
2022-02-01,M1,mu5,19,19,19,0,0.002306562544981755
2022-02-01,M1,q90,19,6,6,0,0.0819320715836547
2022-02-01,M1,p10,19,19,19,0,-2.8630249435752075
2022-02-01,M2,mu5,63,63,63,6,0.002306562544981798
2022-02-01,M2,q90,63,13,13,0,0.07484027682100824
2022-02-01,M2,p10,63,63,63,6,-3.0361072295962086
2022-03-01,M0,mu5,0,0,0,0,0.0020132016800115823
2022-03-01,M0,q90,0,0,0,0,0.08195927471272375
2022-03-01,M0,p10,0,0,0,0,0.07337662337662337
2022-03-01,M1,mu5,19,19,19,0,0.0020132016800115757
2022-03-01,M1,q90,19,6,6,0,0.08227799756787058
2022-03-01,M1,p10,19,19,19,0,-2.8557232033019013
2022-03-01,M2,mu5,63,63,63,6,0.0020132016800115593
2022-03-01,M2,q90,63,13,13,0,0.07591880719379049
2022-03-01,M2,p10,63,63,63,6,-3.0248834208830373
2022-04-01,M0,mu5,0,0,0,0,0.0024324260804179008
2022-04-01,M0,q90,0,0,0,0,0.07976430019161808
2022-04-01,M0,p10,0,0,0,0,0.0712484237074401
2022-04-01,M1,mu5,19,19,19,0,0.002432426080417904
2022-04-01,M1,q90,19,7,7,0,0.0818072830288592
2022-04-01,M1,p10,19,19,19,0,-2.890314393269968
2022-04-01,M2,mu5,63,63,63,6,0.0024324260804179355
2022-04-01,M2,q90,63,14,14,0,0.07520518329136625
2022-04-01,M2,p10,63,63,63,6,-3.068194217769707
2022-05-02,M0,mu5,0,0,0,0,0.001689565021292929
2022-05-02,M0,q90,0,0,0,0,0.08173269532712113
2022-05-02,M0,p10,0,0,0,0,0.07318573185731857
2022-05-02,M1,mu5,19,19,19,0,0.0016895650212929282
2022-05-02,M1,q90,19,7,7,0,0.08232462829093314
2022-05-02,M1,p10,19,19,19,0,-2.810422806191807
2022-05-02,M2,mu5,63,63,63,6,0.0016895650212928799
2022-05-02,M2,q90,63,13,13,0,0.07586896767553983
2022-05-02,M2,p10,63,63,63,6,-2.9592480669759715
2022-06-01,M0,mu5,0,0,0,0,0.001644371945169532
2022-06-01,M0,q90,0,0,0,0,0.07974950119871817
2022-06-01,M0,p10,0,0,0,0,0.0725419664268585
2022-06-01,M1,mu5,19,19,19,0,0.0016443719451695398
2022-06-01,M1,q90,19,6,6,0,0.08266865100977597
2022-06-01,M1,p10,19,19,19,0,-2.811227143925485
2022-06-01,M2,mu5,63,63,63,6,0.0016443719451695415
2022-06-01,M2,q90,63,13,13,0,0.07612657574042396
2022-06-01,M2,p10,63,63,63,6,-2.9538444377709303
2022-07-01,M0,mu5,0,0,0,0,0.0015931416700305616
2022-07-01,M0,q90,0,0,0,0,0.08199283602689166
2022-07-01,M0,p10,0,0,0,0,0.07426900584795322
2022-07-01,M1,mu5,19,19,19,0,0.0015931416700305538
2022-07-01,M1,q90,19,5,5,0,0.08392041789912583
2022-07-01,M1,p10,19,19,19,0,-2.7575263674124204
2022-07-01,M2,mu5,63,63,63,6,0.001593141670030599
2022-07-01,M2,q90,63,14,14,0,0.07674016513238079
2022-07-01,M2,p10,63,63,63,6,-2.8884959268360855
2022-08-01,M0,mu5,0,0,0,0,0.0020071763859511225
2022-08-01,M0,q90,0,0,0,0,0.07971710100422603
2022-08-01,M0,p10,0,0,0,0,0.07257142857142856
2022-08-01,M1,mu5,19,19,19,0,0.0020071763859511207
2022-08-01,M1,q90,19,6,6,0,0.08104668405158684
2022-08-01,M1,p10,19,19,19,0,-2.782788532473266
2022-08-01,M2,mu5,63,63,63,6,0.002007176385951096
2022-08-01,M2,q90,63,14,14,0,0.07571546136398997
2022-08-01,M2,p10,63,63,63,6,-2.9087761771253104
2022-09-01,M0,mu5,0,0,0,0,0.00205785749305223
2022-09-01,M0,q90,0,0,0,0,0.07782690304813067
2022-09-01,M0,p10,0,0,0,0,0.07071269487750557
2022-09-01,M1,mu5,19,19,19,0,0.002057857493052241
2022-09-01,M1,q90,19,4,4,0,0.08097780685295619
2022-09-01,M1,p10,19,19,19,0,-2.80263155396859
2022-09-01,M2,mu5,63,63,63,6,0.00205785749305224
2022-09-01,M2,q90,63,14,14,0,0.07457584901238222
2022-09-01,M2,p10,63,63,63,6,-2.930722367249484
2022-10-03,M0,mu5,0,0,0,0,0.001575309336657088
2022-10-03,M0,q90,0,0,0,0,0.07596622950453319
2022-10-03,M0,p10,0,0,0,0,0.0690968443960827
2022-10-03,M1,mu5,19,19,19,0,0.0015753093366570954
2022-10-03,M1,q90,19,6,6,0,0.07799996840473947
2022-10-03,M1,p10,19,19,19,0,-2.830414703039118
2022-10-03,M2,mu5,63,63,63,6,0.0015753093366571347
2022-10-03,M2,q90,63,15,15,0,0.07560627156158181
2022-10-03,M2,p10,63,63,63,6,-2.966991215076646
2022-11-01,M0,mu5,0,0,0,0,0.001845580683858756
2022-11-01,M0,q90,0,0,0,0,0.07513271496857662
2022-11-01,M0,p10,0,0,0,0,0.0675531914893617
2022-11-01,M1,mu5,19,19,19,0,0.0018455806838587644
2022-11-01,M1,q90,19,7,7,0,0.0772761924192122
2022-11-01,M1,p10,19,19,19,0,-2.8511298103944065
2022-11-01,M2,mu5,63,63,63,6,0.001845580683858781
2022-11-01,M2,q90,63,13,13,0,0.0747365776414839
2022-11-01,M2,p10,63,63,63,6,-3.0000247907990096
2022-12-01,M0,mu5,0,0,0,0,0.002279090048870065
2022-12-01,M0,q90,0,0,0,0,0.07413606494002539
2022-12-01,M0,p10,0,0,0,0,0.06607700312174818
2022-12-01,M1,mu5,19,19,19,0,0.002279090048870074
2022-12-01,M1,q90,19,7,7,0,0.07650946346868241
2022-12-01,M1,p10,19,19,19,0,-2.872215996793568
2022-12-01,M2,mu5,63,63,63,6,0.002279090048870075
2022-12-01,M2,q90,63,12,12,0,0.0736340680380913
2022-12-01,M2,p10,63,63,63,6,-3.027913404974475
2023-01-03,M0,mu5,0,0,0,0,0.00238469168384732
2023-01-03,M0,q90,0,0,0,0,0.0740399356036892
2023-01-03,M0,p10,0,0,0,0,0.06466395112016293
2023-01-03,M1,mu5,19,19,19,0,0.0023846916838473216
2023-01-03,M1,q90,19,7,7,0,0.07487538987302003
2023-01-03,M1,p10,19,19,19,0,-2.9008796119539997
2023-01-03,M2,mu5,63,63,63,6,0.0023846916838473225
2023-01-03,M2,q90,63,10,10,0,0.0735436789676535
2023-01-03,M2,p10,63,63,63,6,-3.0597796969757307
2023-02-01,M0,mu5,0,0,0,0,0.002887030390375007
2023-02-01,M0,q90,0,0,0,0,0.0735151738831162
2023-02-01,M0,p10,0,0,0,0,0.06337325349301397
2023-02-01,M1,mu5,19,19,19,0,0.0028870303903750024
2023-02-01,M1,q90,19,6,6,0,0.07473722182314353
2023-02-01,M1,p10,19,19,19,0,-2.9290450253652747
2023-02-01,M2,mu5,63,63,63,6,0.0028870303903751524
2023-02-01,M2,q90,63,14,14,0,0.07261466913480158
2023-02-01,M2,p10,63,63,63,6,-3.096852955644643
2023-03-01,M0,mu5,0,0,0,0,0.00271622408797242
2023-03-01,M0,q90,0,0,0,0,0.07272163711982281
2023-03-01,M0,p10,0,0,0,0,0.062193927522037215
2023-03-01,M1,mu5,19,19,19,0,0.0027162240879724194
2023-03-01,M1,q90,19,5,5,0,0.07261221434529849
2023-03-01,M1,p10,19,19,19,0,-2.9492691422206008
2023-03-01,M2,mu5,63,63,63,6,0.0027162240879724324
2023-03-01,M2,q90,63,13,13,0,0.07220950357765094
2023-03-01,M2,p10,63,63,63,6,-3.120445217167791
2023-04-03,M0,mu5,0,0,0,0,0.0026638277685239924
2023-04-03,M0,q90,0,0,0,0,0.07387916045501919
2023-04-03,M0,p10,0,0,0,0,0.06465517241379311
2023-04-03,M1,mu5,19,19,19,0,0.002663827768523985
2023-04-03,M1,q90,19,6,6,0,0.07389167407112979
2023-04-03,M1,p10,19,19,19,0,-2.8674353399871135
2023-04-03,M2,mu5,63,63,63,6,0.0026638277685240097
2023-04-03,M2,q90,63,11,11,0,0.06969369191080006
2023-04-03,M2,p10,63,63,63,6,-2.9743751755294388
2023-05-01,M0,mu5,0,0,0,0,0.0029444556040005183
2023-05-01,M0,q90,0,0,0,0,0.07303844795579169
2023-05-01,M0,p10,0,0,0,0,0.06349952963311382
2023-05-01,M1,mu5,19,19,19,0,0.002944455604000531
2023-05-01,M1,q90,19,5,5,0,0.07236747317529026
2023-05-01,M1,p10,19,19,19,0,-2.891157406652798
2023-05-01,M2,mu5,63,63,63,6,0.0029444556040005066
2023-05-01,M2,q90,63,13,13,0,0.06860511102387362
2023-05-01,M2,p10,63,63,63,6,-2.997719877943612
2023-06-01,M0,mu5,0,0,0,0,0.0031042711473051095
2023-06-01,M0,q90,0,0,0,0,0.07192535646836686
2023-06-01,M0,p10,0,0,0,0,0.06221198156682028
2023-06-01,M1,mu5,19,19,19,0,0.0031042711473051165
2023-06-01,M1,q90,19,5,5,0,0.0706599902592232
2023-06-01,M1,p10,19,19,19,0,-2.918722413217644
2023-06-01,M2,mu5,63,63,63,6,0.003104271147305133
2023-06-01,M2,q90,63,12,12,0,0.06861322592115596
2023-06-01,M2,p10,63,63,63,6,-3.0256701479853403
2023-07-03,M0,mu5,0,0,0,0,0.0038384782540241795
2023-07-03,M0,q90,0,0,0,0,0.07181320083549528
2023-07-03,M0,p10,0,0,0,0,0.06103074141048825
2023-07-03,M1,mu5,19,19,19,0,0.0038384782540241765
2023-07-03,M1,q90,19,5,5,0,0.06954105207131807
2023-07-03,M1,p10,19,19,19,0,-2.944431688038317
2023-07-03,M2,mu5,63,63,63,6,0.0038384782540242537
2023-07-03,M2,q90,63,11,11,0,0.06751514195522776
2023-07-03,M2,p10,63,63,63,6,-3.0560511795340157
2023-08-01,M0,mu5,0,0,0,0,0.003992174840841675
2023-08-01,M0,q90,0,0,0,0,0.07133423816018289
2023-08-01,M0,p10,0,0,0,0,0.05994671403197158
2023-08-01,M1,mu5,19,19,19,0,0.003992174840841683
2023-08-01,M1,q90,19,4,4,0,0.06944491026196581
2023-08-01,M1,p10,19,19,19,0,-2.9658896464638103
2023-08-01,M2,mu5,63,63,63,6,0.003992174840841743
2023-08-01,M2,q90,63,10,10,0,0.06691231102738474
2023-08-01,M2,p10,63,63,63,6,-3.0798580017088324
2023-09-01,M0,mu5,0,0,0,0,0.003925037322050172
2023-09-01,M0,q90,0,0,0,0,0.07115100617349691
2023-09-01,M0,p10,0,0,0,0,0.0587467362924282
2023-09-01,M1,mu5,19,19,19,0,0.003925037322050169
2023-09-01,M1,q90,19,4,4,0,0.0693838868655602
2023-09-01,M1,p10,19,19,19,0,-2.9901498542621896
2023-09-01,M2,mu5,63,63,63,6,0.003925037322050106
2023-09-01,M2,q90,63,9,9,0,0.06550245043879968
2023-09-01,M2,p10,63,63,63,6,-3.106344768095618
2023-10-02,M0,mu5,0,0,0,0,0.003771826009957354
2023-10-02,M0,q90,0,0,0,0,0.07115100617349691
2023-10-02,M0,p10,0,0,0,0,0.05859709153122327
2023-10-02,M1,mu5,19,19,19,0,0.003771826009957361
2023-10-02,M1,q90,19,4,4,0,0.06925945799154878
2023-10-02,M1,p10,19,19,19,0,-2.989825523408426
2023-10-02,M2,mu5,63,63,63,6,0.003771826009957342
2023-10-02,M2,q90,63,12,12,0,0.06653796410261224
2023-10-02,M2,p10,63,63,63,6,-3.1101751241099973
2023-11-01,M0,mu5,0,0,0,0,0.0034672343627969136
2023-11-01,M0,q90,0,0,0,0,0.07114293786147624
2023-11-01,M0,p10,0,0,0,0,0.05751469353484467
2023-11-01,M1,mu5,19,19,19,0,0.00346723436279691
2023-11-01,M1,q90,19,5,5,0,0.0701914606838698
2023-11-01,M1,p10,19,19,19,0,-3.0104589571347193
2023-11-01,M2,mu5,63,63,63,6,0.003467234362796931
2023-11-01,M2,q90,63,11,11,0,0.06712800451411201
2023-11-01,M2,p10,63,63,63,6,-3.1340651223869416
2023-12-01,M0,mu5,0,0,0,0,0.004206908330312088
2023-12-01,M0,q90,0,0,0,0,0.0708269648556419
2023-12-01,M0,p10,0,0,0,0,0.056518151815181515
2023-12-01,M1,mu5,19,19,19,0,0.004206908330312095
2023-12-01,M1,q90,19,4,4,0,0.06903650020147666
2023-12-01,M1,p10,19,19,19,0,-3.0337336496611167
2023-12-01,M2,mu5,63,63,63,6,0.004206908330312042
2023-12-01,M2,q90,63,13,13,0,0.06592811077843302
2023-12-01,M2,p10,63,63,63,6,-3.163400236977388
